stock_code,debt_ratio,equity_ratio,debt_dependency_ratio,current_ratio,quick_ratio,interest_coverage_ratio,ebitda_to_total_debt,cfo_to_total_debt,free_cash_flow,operating_margin,roa,roe,net_profit_margin,total_asset_turnover,accounts_receivable_turnover,inventory_turnover,sales_growth_rate,operating_income_growth_rate,total_asset_growth_rate
000270,0.6610917034860964,0.6020137226026246,0.043700445321662326,1.5493522053442115,1.0890003905494738,20.778779860863917,,0.3403542110218278,7881768000000.0,0.11789005236654587,0.22548788611616893,0.38180156155345335,0.181928236821215,1.2394331416390352,35.57888612786462,6.979412804150134,0.07654997444103413,0.09125409969595635,0.15042012914995376
