stock_code,debt_ratio,equity_ratio,debt_dependency_ratio,current_ratio,quick_ratio,interest_coverage_ratio,ebitda_to_total_debt,cfo_to_total_debt,free_cash_flow,operating_margin,roa,roe,net_profit_margin,total_asset_turnover,accounts_receivable_turnover,inventory_turnover,sales_growth_rate,operating_income_growth_rate,total_asset_growth_rate
000880,5.370720003607523,0.15696812910216332,0.13607979003557752,1.4151245511829609,1.1880283431198546,2.025869759891601,,0.03040640350275967,450604000000.0,0.04341862857989626,0.007321459626277754,0.04646569767862962,0.030377903474068577,0.24101267003259644,3.666717382047862,4.618353068212775,0.04727627440789149,0.0017367906066536203,0.20167449842422325
