stock_code,debt_ratio,equity_ratio,debt_dependency_ratio,current_ratio,quick_ratio,interest_coverage_ratio,ebitda_to_total_debt,cfo_to_total_debt,free_cash_flow,operating_margin,roa,roe,net_profit_margin,total_asset_turnover,accounts_receivable_turnover,inventory_turnover,sales_growth_rate,operating_income_growth_rate,total_asset_growth_rate
001040,1.676431888458396,0.37363177606436015,0.2520990105737814,0.8102656702716677,0.6279287684107121,-1.3175968279769124,,0.33888584640981867,7425857248000.0,0.05836606680124713,0.005315005567412201,0.014123071850797603,0.005766020711439111,0.9217805195995656,9.779907568647578,-9.92366035483279,0.05547324812790292,0.24934346334293797,0.006212011776787483
