stock_code,debt_ratio,equity_ratio,debt_dependency_ratio,current_ratio,quick_ratio,interest_coverage_ratio,ebitda_to_total_debt,cfo_to_total_debt,free_cash_flow,operating_margin,roa,roe,net_profit_margin,total_asset_turnover,accounts_receivable_turnover,inventory_turnover,sales_growth_rate,operating_income_growth_rate,total_asset_growth_rate
001430_0,0.10634617574844155,0.9038762205902701,0.09612377940972998,0.03579044974074923,0.03579044974074923,,,570.5753351500364,,,0.07660011346701535,0.08674052906036722,,,,,,,0.014449053866567566
001430_1,0.16007506407821803,0.8620131842887152,0.13798681571128485,0.10413097984179101,0.10413097984179101,,,56.561778126243006,,,0.016307900370858913,0.018907196418106235,,,,,,,-0.004093402636284634
001430_2,0.15870607536246414,0.8630316361180569,0.13696836388194308,0.14932222864011604,0.14932222864011604,,,-254.90407940699998,,,-0.0002659934827213932,-0.00037505350697498947,,,,,,,-0.3184685635119001
001430_3,0.6545779821221932,0.6043837224990635,0.39561627750093653,1.3608625882709402,1.3608625882709402,,,-1.536579465507918,,,0.05692927509765843,0.0973217540620713,,,,,,,0.03198505728496304
001430_4,0.7701815923704393,0.5649137943305049,0.4350862056694951,1.4756633050622159,1.4756633050622159,,,8.115700290952088,,,-0.09340240570859284,-0.15509030956253772,,,,,,,-0.041029744952960766
001430_5,0.5672874529388121,0.6380450491866732,0.3619549508133269,1.6315598865061174,1.6315598865061174,,,9.640759308945714,,,0.005040472430898596,0.007953954179783018,,,,,,,-0.023156018580820965
001430_6,0.5886420834790674,0.6294684060049807,0.37053159399501934,1.2789810493474403,1.2789810493474403,,,-0.6353829864491867,,,,,,,,,,,
