stock_code,debt_ratio,equity_ratio,debt_dependency_ratio,current_ratio,quick_ratio,interest_coverage_ratio,ebitda_to_total_debt,cfo_to_total_debt,free_cash_flow,operating_margin,roa,roe,net_profit_margin,total_asset_turnover,accounts_receivable_turnover,inventory_turnover,sales_growth_rate,operating_income_growth_rate,total_asset_growth_rate
002630_0,0.08258414613939864,1.8474314510629002,0.15256854893709984,,,,,0.3603789223612711,-4036497916.0,,-0.14518229595625462,-0.07791191424629987,,,,,,,-0.12585036720356219
002630_1,0.0653095432354893,1.8773886075644541,0.1226113924355458,,,,,1.9170740857235091,2831287727.0,,0.14458770422628245,0.07695091021488634,,,,,,,0.19663817395961716
002630_2,0.06335409730650073,1.880841015298708,0.11915898470129196,,,,,0.5737539028947987,674295886.0,,-0.13358665551818577,-0.07295568168962115,,,,,,,-0.22774017182546302
002630_3,0.11568140952027665,1.7926264459851176,0.20737355401488247,,,,,0.9222452351809259,140526053.0,,0.38757941739112717,0.2219194339280294,,,,,,,0.467480454076667
002630_4,0.19134247584281325,1.6787783870335886,0.3212216129664114,,,,,3.306274942555213,8483327739.0,,-0.2120397611728502,-0.1257916483705413,,,,,,,-0.058208671277365176
002630_5,0.18195817282208848,1.6921072555594108,0.3078927444405891,,,,,-1.1248321334029907,-5787179128.0,,-0.15317732503461495,-0.08844939229675727,,,,,,,-0.16234756043468876
002630_6,0.13310429310796767,1.7650625914709426,0.23493740852905737,,,,,,-10419529277.0,,-0.18288534849967014,-0.11450282343727423,,,,,,,-0.2620057685667119
002630_7,0.35745972160176925,1.4733402164154448,0.5266597835845553,,,,,,-5009958318.0,,-0.09650157835394167,-0.06091096733740101,,,,,,,0.3976523879807301
002630_8,0.1498242191132301,1.7393963066306295,0.2606036933693706,,,,,,-3966822137.0,,,,,,,,,,
