stock_code,debt_ratio,current_ratio,quick_ratio,cfo_to_total_debt,operating_margin,roe,net_profit_margin,total_asset_turnover,accounts_receivable_turnover,inventory_turnover,sales_growth_rate,operating_income_growth_rate,total_asset_growth_rate
003100,0.24841739039929842,1.5414862586046316,1.5385706523634135,0.2759824080790867,0.1947734040586572,0.055166218267985144,0.30403887986740386,0.28753253479331164,,931.8341193029597,0.00783308647547742,-0.06941115720368456,0.0314991801379999
