stock_code,debt_ratio,equity_ratio,debt_dependency_ratio,current_ratio,quick_ratio,interest_coverage_ratio,ebitda_to_total_debt,cfo_to_total_debt,free_cash_flow,operating_margin,roa,roe,net_profit_margin,total_asset_turnover,accounts_receivable_turnover,inventory_turnover,sales_growth_rate,operating_income_growth_rate,total_asset_growth_rate
003490,3.288173235464364,0.23319953394833184,0.46584442746732735,0.6844129208605404,0.6154410776528643,3.535852726939159,0.1083592790034526,0.12646484009739653,1652572024231.0,0.11808143463786695,0.03570515467689911,0.1330090928870019,0.07732526676990949,0.46175275131147014,13.14220988006179,13.943327491636113,0.10916985158383012,0.17882398756066825,0.5468680044961861
