stock_code,debt_ratio,current_ratio,quick_ratio,cfo_to_total_debt,operating_margin,roe,net_profit_margin,total_asset_turnover,accounts_receivable_turnover,inventory_turnover,sales_growth_rate,operating_income_growth_rate,total_asset_growth_rate
004170,0.4055247617476484,0.4735170459789316,0.2756176560328774,0.08920672240509422,0.07260187852346207,0.013841189667961504,0.04480560858683888,0.4406160245809858,10.01231942513049,7.025993555329041,0.03355690033993451,-0.25439393338682786,0.021677815052023913
