stock_code,debt_ratio,current_ratio,quick_ratio,cfo_to_total_debt,operating_margin,roe,net_profit_margin,total_asset_turnover,accounts_receivable_turnover,inventory_turnover,sales_growth_rate,operating_income_growth_rate,total_asset_growth_rate
004450,0.8280863035626497,1.4523828201460303,0.9984908213746875,0.18569293955172916,0.06358540089926923,0.07374692669214446,0.04796442607842293,0.8251739922062281,7.101298199339684,10.456355491439043,0.058509965824715404,0.5302278087884313,0.013881378655340632
