stock_code,debt_ratio,equity_ratio,debt_dependency_ratio,current_ratio,quick_ratio,interest_coverage_ratio,ebitda_to_total_debt,cfo_to_total_debt,free_cash_flow,operating_margin,roa,roe,net_profit_margin,total_asset_turnover,accounts_receivable_turnover,inventory_turnover,sales_growth_rate,operating_income_growth_rate,total_asset_growth_rate
005440_0,0.06630384922449171,1.8756379820391464,0.12436201796085347,0.26711601320476114,0.26711601320476114,,,-0.5575048935258023,-29685571000.0,,0.06529345508793227,0.03546608506098232,,,,,,,-0.14953766861967685
005440_1,0.10401951507779064,1.8115621794551289,0.18843781944018806,1.3203432638927977,1.0261290197217205,,,1.8517944784342568,36969466000.0,,0.04374065653446531,0.02405673434497122,,,,,,,0.02191637451478649
005440_2,0.09586500396821246,1.8250423115601322,0.17495768843986773,1.8066101236581253,1.4342389099580215,,,4.951847837201936,65373413000.0,,0.03438182260724599,0.018997009964600024,,,,,,,0.006479295583077099
005440_3,0.11447426127737227,1.7945681380812406,0.20543186191875942,2.2445741202175045,1.9639272022716305,,,0.5763590374505777,358508000.0,,0.02182197663567344,0.012123140606552698,,,,,,,0.03817093749152289
005440_4,0.10760762749363126,1.8056935961390352,0.19430640386096473,2.417013151348042,2.1330964182637673,,,5.579167112934533,39177660000.0,,0.036937118956603676,0.020392863072439742,,,,,,,0.0323799471382988
005440_5,0.10069080595960796,1.817040706773555,0.18295929322644494,2.630333374548069,2.23554009676218,,,3.644436300799209,28232828000.0,,,,,,,,,,
