stock_code,debt_ratio,equity_ratio,debt_dependency_ratio,current_ratio,quick_ratio,interest_coverage_ratio,ebitda_to_total_debt,cfo_to_total_debt,free_cash_flow,operating_margin,roa,roe,net_profit_margin,total_asset_turnover,accounts_receivable_turnover,inventory_turnover,sales_growth_rate,operating_income_growth_rate,total_asset_growth_rate
006490_0,0.3768802266189344,1.4525591706049827,0.5474408293950173,0.5582729102589771,0.497434467330503,,,-0.562755843,-4116157451.0,,0.03986931656933388,0.027372551768546034,,,,,,,0.4228022862395031
006490_1,0.3677899819976978,1.462212785824722,0.5377872141752781,0.4366974035144609,0.38427564184828295,,,-2.7282270285714287,-1990467914.0,,-0.5630601481127687,-0.3535792233171381,,,,,,,-0.3920950232610455
006490_2,0.1964333590564267,1.6716351018307531,0.32836489816924674,0.648903356512526,0.5304907861012012,,,,-5349779814.0,,-0.09061482044712627,-0.05472503693399735,,,,,,,-0.11399537875721202
006490_3,0.2181691753976992,1.6418080841251415,0.3581919158748585,0.8689394192958804,0.782725873959051,,,,-7256145926.0,,0.03916514857379004,0.023919018453234176,,,,,,,0.5032928102407183
006490_4,0.22640036039940548,1.6307888227859408,0.3692111772140592,1.2758101344907824,1.0296878435452526,,,,-2131785652.0,,0.14888662640739972,0.09202973021510728,,,,,,,0.5554240790360043
006490_5,0.25186005714784004,1.5976226644347735,0.40237733556522653,3.476164084278569,3.1715438787266077,,,,12876895949.0,,-0.5121334673994271,-0.3199073881594572,,,,,,,-0.1508087529005881
006490_6,0.24715738548091012,1.60364683983232,0.39635316016768,2.3811194592623837,1.3033292155686902,,,,-3957556465.0,,,,,,,,,,
