stock_code,debt_ratio,equity_ratio,debt_dependency_ratio,current_ratio,quick_ratio,interest_coverage_ratio,ebitda_to_total_debt,cfo_to_total_debt,free_cash_flow,operating_margin,roa,roe,net_profit_margin,total_asset_turnover,accounts_receivable_turnover,inventory_turnover,sales_growth_rate,operating_income_growth_rate,total_asset_growth_rate
007540_0,0.016255064269718206,1.96800987303045,0.031990126969549934,22.470444036842434,22.470444036842434,,,0.8678064236910605,1079862319.0,,0.031080015992003933,0.01578513890967388,,,,,,,0.037112279052858015
007540_1,0.015275933506630607,1.9699078191406163,0.030092180859383765,61.24074546165994,61.24074546165994,,,4.99356421599779,1592090673.0,,0.02977664213310567,0.015107420015460359,,,,,,,-0.005076413843063083
007540_2,0.014159844916211526,1.9720757137305482,0.027924286269451724,64.23311736289207,64.23311736289207,,,7.528208262709779,1874040993.0,,0.051621402400081555,0.026259224171294927,,,,,,,0.03054710246868513
007540_3,0.02071468068328868,1.9594114181459175,0.04058858185408251,100.10644741468299,100.10644741468299,,,5.530793697609019,1634623693.0,,0.0616022387458308,0.0314160948937582,,,,,,,0.06870067516440863
007540_4,0.019167122472531203,1.9623866938995616,0.0376133061004385,63.922314589022584,63.922314589022584,,,1.9819881579196286,1011367573.0,,0.10111366473114299,0.051662942800524574,,,,,,,0.09753065882485899
007540_5,0.024871090316203662,1.9514649392470809,0.048535060752919044,61.926069151419156,61.926069151419156,,,-5.685272278922906,-2814541171.0,,0.06859896856704394,0.03521583049157576,,,,,,,0.0636130304593558
007540_6,0.028685645007015814,1.9442285500021337,0.055771449997866304,10.980546781868453,10.980546781868453,,,0.08889215740935444,283485950.0,,,,,,,,,,
