stock_code,debt_ratio,equity_ratio,debt_dependency_ratio,current_ratio,quick_ratio,interest_coverage_ratio,ebitda_to_total_debt,cfo_to_total_debt,free_cash_flow,operating_margin,roa,roe,net_profit_margin,total_asset_turnover,accounts_receivable_turnover,inventory_turnover,sales_growth_rate,operating_income_growth_rate,total_asset_growth_rate
007720_0,0.1872862740877227,1.6845137046132734,0.3154862953867267,1.5054281478726934,1.5054281478726934,,,10.573699378595586,,,-0.061087588944633855,-0.036303098701530846,,,,,,,-0.1260420298953248
007720_1,0.1896733541378508,1.6811337272064801,0.31886627279351976,2.590081518771131,2.590081518771131,,,2.115732213550916,,,-0.006725961075644148,-0.003997500104831848,,,,,,,-0.006816813397832971
007720_2,0.18769056051307587,1.6839403010292604,0.3160596989707396,2.525481279621002,2.525481279621002,,,,,,-0.09622551522762071,-0.05633652100616729,,,,,,,-0.09952896831604931
007720_3,0.15623150096205074,1.729757404408966,0.2702425955910338,3.1129014770152326,3.1129014770152326,,,-25.603107085777385,,,-0.11589376336866614,-0.066547366449383,,,,,,,-0.12025454363097472
007720_4,0.1416349001679626,1.7518735628227122,0.24812643717728777,3.545894090049525,3.545894090049525,,,-8.091361992263716,,,-0.02682991895201873,-0.015565239661739168,,,,,,,-0.10752703936013983
007720_5,0.17746112307441764,1.6985698812525434,0.30143011874745657,2.889969595142096,2.889969595142096,,,5.56787205507614,,,0.43431763982072713,0.259919790119953,,,,,,,0.7241689615125717
007720_6,0.23199928393894773,1.6233775669135138,0.37662243308648635,1.5110283446463644,1.5110283446463644,,,2.6497742795468167,,,,,,,,,,,
