stock_code,debt_ratio,equity_ratio,debt_dependency_ratio,current_ratio,quick_ratio,interest_coverage_ratio,ebitda_to_total_debt,cfo_to_total_debt,free_cash_flow,operating_margin,roa,roe,net_profit_margin,total_asset_turnover,accounts_receivable_turnover,inventory_turnover,sales_growth_rate,operating_income_growth_rate,total_asset_growth_rate
007860_0,0.015299651850060039,0.49246545006581,0.007534549934190019,9.978846722697114,9.978846722697114,,,7.32866742738389,6573328527.0,,0.013122347855054074,0.026622080896232928,,,,,,,0.017977593375046383
007860_1,0.013444485626491523,0.49336693532937803,0.006633064670621995,10.207165140163445,10.207165140163445,,,10.382779038983227,4499070045.0,,0.00902258414498769,0.018275353517972846,,,,,,,0.01237237371191692
007860_2,0.01206006658864829,0.49404182272041464,0.005958177279585373,12.54967655496601,12.54967655496601,,,16.977488820913123,7031720765.0,,0.015216256163759885,0.03078859273002943,,,,,,,0.025588403700606208
007860_3,0.011332316689596368,0.4943973328536111,0.005602667146388908,12.582870020082952,12.582870020082952,,,14.984729457220208,3549652559.0,,0.005470461441179024,0.01106350459233142,,,,,,,0.007811237732158547
007860_4,0.011074642385668463,0.4945233309582676,0.005476669041732384,19.141197564421727,19.141197564421727,,,5.450189978001508,3772681587.0,,0.007839943793209025,0.016011070732526434,,,,,,,-0.007737220226066952
007860_5,0.031289996178525084,0.4848296811302005,0.015170318869799507,4.113802291594352,4.113802291594352,,,1.5276406152802373,5577791586.0,,-0.06159922550978285,-0.1280155342640731,,,,,,,-0.13572142384767075
007860_6,0.045946310439605016,0.47803600912350175,0.021963990876498266,0.5829289544224057,0.5829289544224057,,,2.6687927667345024,-342943231.0,,,,,,,,,,
