stock_code,debt_ratio,equity_ratio,debt_dependency_ratio,current_ratio,quick_ratio,interest_coverage_ratio,ebitda_to_total_debt,cfo_to_total_debt,free_cash_flow,operating_margin,roa,roe,net_profit_margin,total_asset_turnover,accounts_receivable_turnover,inventory_turnover,sales_growth_rate,operating_income_growth_rate,total_asset_growth_rate
008470_0,0.13008299931108824,1.769781512702362,0.23021848729763805,2.8255952431056026,2.8255952431056026,,,5.583863017028865,3943870036.0,,,,,,,,,,0.056354992605994164
008470_1,0.09970320465112006,1.8186725214049897,0.18132747859501025,3.905191731204262,3.905191731204262,,,-4.207290191956926,,,0.014567314815476577,0.00801117911549966,,,,,,,-0.018695871140788512
008470_2,0.10006171009531917,1.8180798237461626,0.1819201762538375,3.560095562812198,3.560095562812198,,,-1.0800992708828303,,,-0.012192779856155928,-0.006694889271097978,,,,,,,-0.005056844580298336
008470_3,0.09629976225222925,1.8243185567159264,0.1756814432840737,4.146317369300045,4.146317369300045,,,8.892538437180885,4389983363.0,,0.02379939455748486,0.013048520233914626,,,,,,,0.03527367105359356
008470_4,0.09679330250320495,1.82349764120132,0.17650235879868004,4.25949498952836,4.25949498952836,,,14.533366984111868,,,0.05814549438033444,0.03225346787981256,,,,,,,-0.007261017817473162
008470_5,0.122216498473318,1.782187307637014,0.21781269236298587,3.469912510227253,3.469912510227253,,,7.149991790430849,2840673942.0,,0.03883801075710978,0.02152656469821677,,,,,,,0.09856041260891286
008470_6,0.09387582658336521,1.828361091264666,0.17163890873533413,,,,,-1.8888109888588152,-1000641081.0,,,,,,,,,,
