stock_code,debt_ratio,equity_ratio,debt_dependency_ratio,current_ratio,quick_ratio,interest_coverage_ratio,ebitda_to_total_debt,cfo_to_total_debt,free_cash_flow,operating_margin,roa,roe,net_profit_margin,total_asset_turnover,accounts_receivable_turnover,inventory_turnover,sales_growth_rate,operating_income_growth_rate,total_asset_growth_rate
009150,0.4188786637190692,0.7047818996579083,0.10762124846204131,1.9273845824043474,1.1910737939129277,10.111468765325686,,,,0.07140067072163128,0.05752210564574265,0.08250712805306477,0.06831247352894987,0.8420439588000804,7.5715530971368,3.8142956621030875,0.15762776653222574,0.11272731407578013,0.0973189067253198
