stock_code,debt_ratio,current_ratio,quick_ratio,cfo_to_total_debt,operating_margin,roe,net_profit_margin,total_asset_turnover,accounts_receivable_turnover,inventory_turnover,sales_growth_rate,operating_income_growth_rate,total_asset_growth_rate
009680,0.03225236423163504,15.990271789431942,15.345323629902015,0.7798732891497495,0.0818276270556719,0.034157369840317815,0.1113604708931578,0.5933250273334554,10.934148979753475,19.405457640817207,0.18974067141111395,0.5695840593281618,0.03993086823564161
