stock_code,debt_ratio,current_ratio,quick_ratio,cfo_to_total_debt,operating_margin,roe,net_profit_margin,total_asset_turnover,accounts_receivable_turnover,inventory_turnover,sales_growth_rate,operating_income_growth_rate,total_asset_growth_rate
010140,0.6419561392644081,0.7789339826749556,0.7413212299146159,0.11473765644972873,0.050761862844678936,0.0026974568120806215,0.005440452877696441,0.6040667306250139,13.960345383955334,9.078715952959998,0.236427314819665,1.1543173532715276,0.10268761717513898
