stock_code,debt_ratio,equity_ratio,debt_dependency_ratio,current_ratio,quick_ratio,interest_coverage_ratio,ebitda_to_total_debt,cfo_to_total_debt,free_cash_flow,operating_margin,roa,roe,net_profit_margin,total_asset_turnover,accounts_receivable_turnover,inventory_turnover,sales_growth_rate,operating_income_growth_rate,total_asset_growth_rate
010950,1.8119164680902986,0.35562934082431896,0.026607847482803974,0.8619981344607209,0.4765486888508506,-0.5069374482918447,,0.21777498120373048,361937000000.0,0.011523231781527275,-0.008388105594831061,-0.021771803100306925,-0.005269040496212698,1.591960737606837,10.449697414816585,-7.755202997382021,0.025480583230007233,-0.6883341134017726,0.13326351541470172
