stock_code,debt_ratio,equity_ratio,debt_dependency_ratio,current_ratio,quick_ratio,interest_coverage_ratio,ebitda_to_total_debt,cfo_to_total_debt,free_cash_flow,operating_margin,roa,roe,net_profit_margin,total_asset_turnover,accounts_receivable_turnover,inventory_turnover,sales_growth_rate,operating_income_growth_rate,total_asset_growth_rate
011170,0.7286584881515312,0.5784832613579495,0.07870963159398271,1.0565796005653163,0.7250939853844056,,,0.2154189312397273,3137444382738.0,,-0.01519217559696714,-0.025695936903923605,-0.02529329552229258,0.6006404180735292,9.074820896497846,7.153041788945067,0.024263978323255567,,0.03214273446788604
