stock_code,debt_ratio,equity_ratio,debt_dependency_ratio,current_ratio,quick_ratio,interest_coverage_ratio,ebitda_to_total_debt,cfo_to_total_debt,free_cash_flow,operating_margin,roa,roe,net_profit_margin,total_asset_turnover,accounts_receivable_turnover,inventory_turnover,sales_growth_rate,operating_income_growth_rate,total_asset_growth_rate
011330_0,0.21371313108586285,1.647835842569056,0.3521641574309439,0.9942467562189712,0.9942467562189712,,,1.2711740141037648,7425784031.0,,-0.050407539807811846,-0.03043738267290066,,,,,,,-0.15135304165752975
011330_1,0.20255549248735052,1.663124913980664,0.33687508601933586,1.3851829602139398,1.3851829602139398,,,-4.630359168126549,-108841187664.0,,-0.019112393605539763,-0.013317595226246535,,,,,,,-0.4951471906218351
011330_2,0.5151327878529315,1.320016315424185,0.679983684575815,0.30534930169601227,0.30534930169601227,,,0.45418110066870643,-55012499233.0,,0.003364167397975407,0.0024982865681691248,,,,,,,0.2948292840762552
011330_3,0.4482279172931808,1.3809980985162282,0.6190019014837718,0.7782287806215473,0.7782287806215473,,,0.7533226381706193,-15145310521.0,,0.013298507273278366,0.009432951290408642,,,,,,,0.7259693712078484
011330_4,0.37034009279165225,1.459491706125015,0.540508293874985,1.3964573868628611,1.3964573868628611,,,-1.3090131159867886,-40242489147.0,,0.06538143511891631,0.04349016733951612,,,,,,,0.4396743829708784
011330_5,0.27671586621402666,1.5665192647216017,0.4334807352783982,1.6528502354575958,1.6528502354575958,,,-0.5290795617906994,-25262122792.0,,0.11257366589755666,0.07228749704499135,,,,,,,0.37014820456060565
011330_6,0.29476688037088483,1.5446796101450337,0.4553203898549662,1.4519186022566115,1.4519186022566115,,,-2.05444532535507,-35800777429.0,,,,,,,,,,
