stock_code,debt_ratio,equity_ratio,debt_dependency_ratio,current_ratio,quick_ratio,interest_coverage_ratio,ebitda_to_total_debt,cfo_to_total_debt,free_cash_flow,operating_margin,roa,roe,net_profit_margin,total_asset_turnover,accounts_receivable_turnover,inventory_turnover,sales_growth_rate,operating_income_growth_rate,total_asset_growth_rate
012330,0.44404722626834436,0.6924981273529153,0.02356647054393894,2.2301818051715543,1.6995545453960563,6.319458494740392,,0.20766452982573627,1887635000000.0,0.053697018859917435,0.12966328028422447,0.18705711076802903,0.14179296100363062,0.9144549868092848,5.606358692876039,8.012391626629313,-0.0340458654173994,0.33903081274474095,0.1367405386062111
