stock_code,debt_ratio,equity_ratio,debt_dependency_ratio,current_ratio,quick_ratio,interest_coverage_ratio,ebitda_to_total_debt,cfo_to_total_debt,free_cash_flow,operating_margin,roa,roe,net_profit_margin,total_asset_turnover,accounts_receivable_turnover,inventory_turnover,sales_growth_rate,operating_income_growth_rate,total_asset_growth_rate
012450,2.8134165607211794,0.26223203892807445,0.34669997693591154,0.8962156595252154,0.6496929418313322,3.499567820805359,,0.09983935144983136,2438485275441.0,0.15408008069922552,0.1539070023083411,0.6030228430093807,0.4304952342373813,0.3575115124816331,2.039436172809645,1.827792815210574,0.4246600356057767,1.9141191953612948,1.217525231680937
