stock_code,debt_ratio,equity_ratio,debt_dependency_ratio,current_ratio,quick_ratio,interest_coverage_ratio,ebitda_to_total_debt,cfo_to_total_debt,free_cash_flow,operating_margin,roa,roe,net_profit_margin,total_asset_turnover,accounts_receivable_turnover,inventory_turnover,sales_growth_rate,operating_income_growth_rate,total_asset_growth_rate
013000_0,0.043795874002086066,1.9160834506191993,0.08391654938080075,10.693248119992544,10.693248119992544,,,3.6535507143366677,795530482.0,,,,,,,,,,0.0379299252428427
013000_1,0.05882544718300854,1.8888854676858913,0.11111453231410878,7.914283328446479,7.914283328446479,,,64.68034264679804,8118328762.0,,,,,,,,,,0.09260572359644231
013000_2,0.042091299285814364,1.9192176360849358,0.08078236391506419,11.0353396923067,11.0353396923067,,,33.012056065185945,4280759157.0,,,,,,,,,,0.0212644656930094
013000_3,0.04744716317834062,1.9094041879222463,0.09059581207775377,9.631678208302791,9.631678208302791,,,12.112415799053293,1683383006.0,,,,,,,,,,0.03717850215744919
013000_4,0.04567440709236236,1.9126412451474908,0.08735875485250932,9.589475110248731,9.589475110248731,,,35.18740914024988,4482145443.0,,,,,,,,,,0.016954695932505714
013000_5,0.034604707656870244,1.9331054509983014,0.06689454900169853,11.839429438736104,11.839429438736104,,,80.20714913789986,11335411410.0,,,,,,,,,,0.016784433780102047
013000_6,0.12545552747187824,1.7770582232534942,0.22294177674650587,3.3675121355065056,3.3675121355065056,,,83.96052694677373,13572698403.0,,,,,,,,,,
