stock_code,debt_ratio,equity_ratio,debt_dependency_ratio,current_ratio,quick_ratio,interest_coverage_ratio,ebitda_to_total_debt,cfo_to_total_debt,free_cash_flow,operating_margin,roa,roe,net_profit_margin,total_asset_turnover,accounts_receivable_turnover,inventory_turnover,sales_growth_rate,operating_income_growth_rate,total_asset_growth_rate
014910_0,0.2804745771986715,1.5619208968408054,0.4380791031591947,0.6003834914148347,0.6003834914148347,,,0.10956518664151685,1951938826.0,,0.03977444508483514,0.024970971089262425,,,,,,,0.18946158166014188
014910_1,0.2273030745505775,1.6295893341034562,0.3704106658965438,0.7524142923795634,0.7524142923795634,,,0.3012552028142206,3341621387.0,,-0.05239551644659891,-0.03231612838142025,,,,,,,0.10416039268772927
014910_2,0.24051245438661942,1.612236937184895,0.3877630628151051,1.2701921989744656,1.2701921989744656,,,-0.5413182942951177,-1830831967.0,,0.005901188703160381,0.0036356697569210573,,,,,,,0.034867270676620085
014910_3,0.2236784208095736,1.6344163351976246,0.36558366480237536,4.338707603826625,4.338707603826625,,,-0.11637703107031187,-177887653.0,,0.021125739856010888,0.01227294175496013,,,,,,,0.3713589632509378
014910_4,0.08665442609095625,1.8405115296816488,0.15948847031835128,3.2368091111055786,3.2368091111055786,,,0.42589412860818276,940723838.0,,-0.05584319402511534,-0.030402644249767474,,,,,,,-0.0712442119464503
014910_5,0.09091190630664452,1.8333286019135442,0.1666713980864557,3.0809776645797653,3.0809776645797653,,,0.581013217353832,1508560652.0,,-0.06475561414290418,-0.03527716757020495,,,,,,,-0.07695463703529642
014910_6,0.08829163931814436,1.837742685639922,0.16225731436007795,2.905873097752542,2.905873097752542,,,0.11128123881728057,131356410.0,,,,,,,,,,
