stock_code,debt_ratio,equity_ratio,debt_dependency_ratio,current_ratio,quick_ratio,interest_coverage_ratio,ebitda_to_total_debt,cfo_to_total_debt,free_cash_flow,operating_margin,roa,roe,net_profit_margin,total_asset_turnover,accounts_receivable_turnover,inventory_turnover,sales_growth_rate,operating_income_growth_rate,total_asset_growth_rate
017670,1.5799965572150778,0.38759741643974466,0.22998772253418823,0.8105438712926909,0.7878013867318396,3.009327979482406,0.2880935459896153,0.26640480347926576,2419256000000.0,0.05081792373937808,0.04575267914385745,0.11532200674982446,0.03865796863417513,1.1835251763179901,18.08602972197958,184.19894659027906,0.01886008419451253,0.040043828328021155,0.013148677421236607
