stock_code,debt_ratio,equity_ratio,debt_dependency_ratio,current_ratio,quick_ratio,interest_coverage_ratio,ebitda_to_total_debt,cfo_to_total_debt,free_cash_flow,operating_margin,roa,roe,net_profit_margin,total_asset_turnover,accounts_receivable_turnover,inventory_turnover,sales_growth_rate,operating_income_growth_rate,total_asset_growth_rate
018260,0.3640100110450634,0.7331324491041162,0.06343916347202527,3.608141375254152,3.6005352285639938,5.860204167870597,,0.3504348390884655,711069146857.0,0.06588672396977638,0.061777875934499224,0.08452443164566682,0.0570934392309329,1.0820485990451303,8.635193586575479,555.8353927641639,0.04153003683854825,0.12727297914103855,0.0744504392576941
