stock_code,debt_ratio,equity_ratio,debt_dependency_ratio,current_ratio,quick_ratio,interest_coverage_ratio,ebitda_to_total_debt,cfo_to_total_debt,free_cash_flow,operating_margin,roa,roe,net_profit_margin,total_asset_turnover,accounts_receivable_turnover,inventory_turnover,sales_growth_rate,operating_income_growth_rate,total_asset_growth_rate
018470_0,0.3574001154144243,1.4734049137673642,0.5265950862326358,1.2874421596515886,1.2874421596515886,,,,-12242455073.0,,0.02703539895187327,0.018252400781893642,,,,,,,0.07871194766038431
018470_1,0.34264038105760614,1.489602151265991,0.510397848734009,1.510146651165643,1.510146651165643,,,-1.3155608592982455,-7984310101.0,,-0.00035409946033847174,-0.000236272273947917,,,,,,,0.06314659764172992
018470_2,0.32594634600056654,1.5083566586480457,0.49164334135195437,1.3127196222543256,1.3127196222543256,,,0.8710748790977444,-8730062299.0,,0.04982791212725127,0.033343742213167965,,,,,,,0.056742967692253295
018470_3,0.35172473615395067,1.4795911819225716,0.5204088180774286,1.3201165121054403,1.3201165121054403,,,-2.6845467161722487,-35677316546.0,,0.05033549519966902,0.03477336743876567,,,,,,,0.26566861509101986
018470_4,0.4215132702609379,1.4069513397035494,0.5930486602964508,1.04584002916114,1.04584002916114,,,0.0978138224109589,836422458.0,,-0.03133794253603936,-0.02239436931521029,,,,,,,-0.04974866894127144
018470_5,0.4366164090882784,1.3921600695548664,0.6078399304451336,1.1141819148953165,1.1141819148953165,,,0.18451076675900277,-4566450945.0,,-0.2377360156008347,-0.16225484731033712,,,,,,,-0.1874926547457906
018470_6,0.31186435572796206,1.524547862945927,0.4754521370540729,1.1409219726893414,1.1409219726893414,,,-0.1847739130976544,-25666749451.0,,,,,,,,,,
