stock_code,debt_ratio,equity_ratio,debt_dependency_ratio,current_ratio,quick_ratio,interest_coverage_ratio,ebitda_to_total_debt,cfo_to_total_debt,free_cash_flow,operating_margin,roa,roe,net_profit_margin,total_asset_turnover,accounts_receivable_turnover,inventory_turnover,sales_growth_rate,operating_income_growth_rate,total_asset_growth_rate
020560,12.40804145322108,0.07458210831827083,0.4490722640643185,0.5628492679642842,0.5178813810205602,-0.6629088252460198,,0.1171667432915251,742884706165.0,0.033141571668913405,-0.031210260588596824,-0.45549809918775386,-0.049649837373015815,0.6286075089051407,22.996988285347175,-32.271220257009794,0.0911960007163247,-0.5552869162954664,0.03327695725767624
