stock_code,debt_ratio,equity_ratio,debt_dependency_ratio,current_ratio,quick_ratio,interest_coverage_ratio,ebitda_to_total_debt,cfo_to_total_debt,free_cash_flow,operating_margin,roa,roe,net_profit_margin,total_asset_turnover,accounts_receivable_turnover,inventory_turnover,sales_growth_rate,operating_income_growth_rate,total_asset_growth_rate
021880_0,0.0924238615535593,1.8307912069549244,0.1692087930450757,,,,,-1.195006465891415,-12458393761.0,,-0.1431372851720558,-0.07784598177691392,,,,,,,-0.1387887632826142
021880_1,0.08368423483765645,1.8455560537886888,0.15444394621131116,,,,,0.12501116314759506,1379053505.0,,0.06761169179504421,0.03674404156181195,,,,,,,0.10192115411224768
021880_2,0.09049496282827665,1.8340295628811132,0.16597043711888682,,,,,0.04516946635643135,369872429.0,,-0.058087304544845716,-0.031612608895649055,,,,,,,-0.03559665576418473
021880_3,0.08648815463513262,1.8407931936189819,0.15920680638101814,,,,,-1.7391032757235758,-18611562891.0,,-0.030065285428058607,-0.016633761066814058,,,,,,,0.5464581586366711
021880_4,0.1389670304879556,1.7559770796378198,0.24402292036218018,,,,,,,,0.04570330703513251,0.02694426728684858,,,,,,,-0.08765293935764808
021880_5,0.21603320119648814,1.6446919360689705,0.3553080639310295,,,,,,,,,,,,,,,,
021880_6,0.21825394159661948,1.6416938469978104,0.35830615300218965,,,,,,,,,,,,,,,,
