stock_code,debt_ratio,equity_ratio,debt_dependency_ratio,current_ratio,quick_ratio,interest_coverage_ratio,ebitda_to_total_debt,cfo_to_total_debt,free_cash_flow,operating_margin,roa,roe,net_profit_margin,total_asset_turnover,accounts_receivable_turnover,inventory_turnover,sales_growth_rate,operating_income_growth_rate,total_asset_growth_rate
023440_0,0.3662088780018275,1.4639049944728326,0.5360950055271675,0.5252674429646861,0.5252674429646861,,,-0.17184622181343626,-7092199245.0,,-0.2152996647935168,-0.1455908860879007,,,,,,,-0.17175828701757953
023440_1,0.3412602371469717,1.4911349375824712,0.5088650624175289,0.5389459682512154,0.5389459682512154,,,-1.068686005808876,-7372072195.0,,-0.18468866783179008,-0.12509982546611326,,,,,,,-0.06282639174898771
023440_2,0.36756264092553814,1.4624558613610863,0.5375441386389136,0.5754064989998744,0.5754064989998744,,,0.9651984428827436,2401507676.0,,-0.19609278228716645,-0.1290272241566944,,,,,,,-0.026989165373064398
023440_3,0.2693949590814999,1.5755537594439057,0.4244462405560943,1.3437355703964338,1.3437355703964338,,,-10.600145215218319,-15109357897.0,,-0.010841806370629009,-0.006795695224312817,,,,,,,0.4109654111950682
023440_4,0.2319927978112902,1.6233861135820933,0.3766138864179067,1.0136066538820383,1.0136066538820383,,,-0.4086672199021714,-5638181076.0,,-0.04779853480417709,-0.02860144162089035,,,,,,,0.1865568415091964
023440_5,0.1574616434405129,1.7279190298307185,0.27208097016928157,0.891630309699772,0.891630309699772,,,-0.14566867027836222,-1966498376.0,,-0.04078524452103053,-0.023995952431435815,,,,,,,-0.05363586552367844
023440_6,0.19550034866441854,1.6729397044796743,0.3270602955203256,0.7449336691213467,0.7449336691213467,,,0.26335387760698536,4615896537.0,,,,,,,,,,
