stock_code,debt_ratio,equity_ratio,debt_dependency_ratio,current_ratio,quick_ratio,interest_coverage_ratio,ebitda_to_total_debt,cfo_to_total_debt,free_cash_flow,operating_margin,roa,roe,net_profit_margin,total_asset_turnover,accounts_receivable_turnover,inventory_turnover,sales_growth_rate,operating_income_growth_rate,total_asset_growth_rate
023960_0,0.39317212814271835,1.435572790755054,0.5644272092449459,1.0483397419319147,1.0483397419319147,,,-4.666393071155967,-3327845974.0,,0.027888773313812162,0.019597915044564467,,,,,,,0.1003770156733585
023960_1,0.41917853952537154,1.4092659551270257,0.5907340448729743,0.8377338848808593,0.8377338848808593,,,-2.1404247086167283,-5855237559.0,,-0.06122264632663831,-0.043339116316819026,,,,,,,-0.09586438673513338
023960_2,0.41273469334218693,1.4156939795033179,0.5843060204966821,0.8011390412999212,0.8011390412999212,,,-18.635278243184672,-25570869759.0,,0.015084491488610376,0.0109391560392062,,,,,,,-0.11504245508679102
023960_3,0.48541707730235817,1.3464231902006725,0.6535768097993275,1.1118784765988692,1.1118784765988692,,,0.7953240518146699,5767682043.0,,-0.0530006041918402,-0.04008781214257619,,,,,,,0.4519322560883509
023960_4,0.5542244443845049,1.286815432112206,0.7131845678877939,0.4531976010440034,0.4531976010440034,,,15.255341115141983,5173171248.0,,-0.14269093246283743,-0.1050665725976864,,,,,,,-0.06643916894108085
023960_5,0.4038547088088455,1.4246488525133607,0.5753511474866392,0.4158365002919863,0.4158365002919863,,,-101.93728107260304,-42420402329.0,,,,,,,,,,
