stock_code,debt_ratio,equity_ratio,debt_dependency_ratio,current_ratio,quick_ratio,interest_coverage_ratio,ebitda_to_total_debt,cfo_to_total_debt,free_cash_flow,operating_margin,roa,roe,net_profit_margin,total_asset_turnover,accounts_receivable_turnover,inventory_turnover,sales_growth_rate,operating_income_growth_rate,total_asset_growth_rate
025560_0,0.10468458723833393,1.8104715346847717,0.1895284653152283,2.1221479518611828,2.1221479518611828,,,0.008594694732793074,-2595741752.0,,0.06375580716107157,0.03581297465560527,,,,,,,0.2948450232040238
025560_1,0.14869754439972996,1.7411023552288794,0.2588976447711207,2.191998547518442,2.191998547518442,,,2.689820788690731,,,-0.28345586804156625,-0.16463715344848437,,,,,,,-0.22374138918409225
025560_2,0.17189356624577518,1.7066396280398644,0.29336037196013554,2.215129471999921,2.215129471999921,,,-2.268852736096372,,,0.04132413242535819,0.024165169001122644,,,,,,,0.07687500563346156
025560_3,0.16702166505310165,1.7137642426792448,0.28623575732075524,2.3449931186182345,2.3449931186182345,,,-0.11484107488324444,-2814938214.0,,0.06152398685009618,0.03631155022517891,,,,,,,0.22968584346379933
025560_4,0.19728460748667534,1.6704465984895394,0.3295534015104607,2.0630785809165104,2.0630785809165104,,,-23.37862046317197,,,-0.07470500848706431,-0.04235371349259826,,,,,,,0.281758363585655
025560_5,0.0618310279653189,1.883538856302213,0.11646114369778691,10.65356267249588,10.65356267249588,,,-76.05490318123738,-4804073609.0,,-0.08865459764858878,-0.049436639213142154,,,,,,,0.0946148226104737
025560_6,0.18027676543751728,1.694517810200745,0.3054821897992551,2.9529040115880996,2.9529040115880996,,,-1.783423836649006,,,-0.18812332977328758,-0.10998994982978888,,,,,,,-0.1984884369366402
025560_7,0.1607170944807531,1.723072753481502,0.276927246518498,3.118907958961356,3.118907958961356,,,0.39209378265608086,,,,,,,,,,,
