stock_code,debt_ratio,equity_ratio,debt_dependency_ratio,current_ratio,quick_ratio,interest_coverage_ratio,ebitda_to_total_debt,cfo_to_total_debt,free_cash_flow,operating_margin,roa,roe,net_profit_margin,total_asset_turnover,accounts_receivable_turnover,inventory_turnover,sales_growth_rate,operating_income_growth_rate,total_asset_growth_rate
031310_0,0.1566859950772974,0.8645388672948991,0.13546113270510085,1.7703445993435758,1.7703445993435758,,,1.0960475363273094,-817404838.0,,0.019059172860945158,0.022838020659383913,,,,,,,0.054529332241791725
031310_1,0.24548648745932986,0.8028991161838309,0.19710088381616905,1.465897000682927,1.465897000682927,,,5.849235525948837,3950732881.0,,-0.026199722802373385,-0.03447349869593454,,,,,,,-0.015496824682658537
031310_2,0.393227548421733,0.7177578430262979,0.2822421569737022,1.2494869404657682,1.2494869404657682,,,-1.6587058825295824,-1303619616.0,,-0.09479214360150334,-0.11977948700088159,,,,,,,0.08403212496130638
031310_3,0.14783269267983282,0.871207107427225,0.12879289257277504,1.51218314007448,1.51218314007448,,,0.8433712733117075,646902755.0,,0.13655192402715785,0.15908655991880444,,,,,,,0.1739572063404699
031310_4,0.18587953949478392,0.8432559688364524,0.15674403116354763,13.571855979868479,13.571855979868479,,,-0.6527685933381786,-1027750029.0,,0.18037600951221203,0.20914953047187865,,,,,,,0.30207463426465503
031310_5,0.12690405359152093,0.8873869934294148,0.1126130065705851,5.890518909977581,5.890518909977581,,,0.7361444223573843,2012866770.0,,-0.051567314245674636,-0.05857486678438173,,,,,,,-0.08839863923664336
031310_6,0.1442100217278399,0.8739654268103051,0.12603457318969497,5.422130251023105,5.422130251023105,,,-0.5034521098885327,-1020817057.0,,0.1317064625524889,0.15177511870493665,,,,,,,0.11416575304488877
031310_7,0.16160858971741174,0.8608751767609374,0.13912482323906264,4.712219122861457,4.712219122861457,,,0.8266089696577946,2644604746.0,,0.021040046657529423,0.024163244596682357,,,,,,,0.03263986011332665
031310_8,0.13515257839816824,0.8809388438434557,0.11906115615654433,5.787148125233237,5.787148125233237,,,1.8684066392778902,3980731588.0,,,,,,,,,,
