stock_code,debt_ratio,current_ratio,quick_ratio,cfo_to_total_debt,operating_margin,roe,net_profit_margin,total_asset_turnover,accounts_receivable_turnover,inventory_turnover,sales_growth_rate,operating_income_growth_rate,total_asset_growth_rate
032080,0.05228677786254628,6.38733901604824,5.1387207475230054,0.14705760367920434,0.01540099234859203,-0.00894027937471074,-0.057784539227844135,0.2916212350806333,,2.3409663142884947,-0.04647835615032215,-8.250008063096905,-0.05293383484299176
