stock_code,debt_ratio,equity_ratio,debt_dependency_ratio,current_ratio,quick_ratio,interest_coverage_ratio,ebitda_to_total_debt,cfo_to_total_debt,free_cash_flow,operating_margin,roa,roe,net_profit_margin,total_asset_turnover,accounts_receivable_turnover,inventory_turnover,sales_growth_rate,operating_income_growth_rate,total_asset_growth_rate
033540_0,0.8846125996123905,0.2653065145074565,0.23469348549254349,,,,,0.19500391590229713,1151117320.0,,0.0010908697862244778,0.004137146476197534,,,,,,,0.013281860599365465
033540_1,0.9082108032318431,0.2620255577387857,0.23797444226121428,,,,,-1.0593457834658497,-18972172808.0,,-0.04217836433241029,-0.16735569206423165,,,,,,,-0.08061952877144242
033540_2,1.0589947713844863,0.2428369449737823,0.25716305502621767,,,,,0.5144354600924915,-24932260704.0,,-0.013605538360205453,-0.05062726225956518,,,,,,,0.5145276894997282
033540_3,0.6235384512449652,0.3079692997825761,0.1920307002174239,,,,,0.17368079359356467,-1442103827.0,,0.007247882967460118,0.024682961070790665,,,,,,,0.18329552556259673
033540_4,0.8071269173860874,0.27668228235082865,0.22331771764917138,,,,,0.5976383287726894,-1058222927.0,,0.03751129692683091,0.15287980917004454,,,,,,,-0.07060519748664991
033540_5,1.3120515330965168,0.21625815551366756,0.28374184448633244,,,,,0.46573225104795113,7197793536.0,,-0.10819237183888947,-0.4265249461994633,,,,,,,-0.16270922159415005
033540_6,0.754530932060559,0.2849764520325608,0.21502354796743925,,,,,-0.1480470280240685,-16865902587.0,,,,,,,,,,
