stock_code,debt_ratio,equity_ratio,debt_dependency_ratio,current_ratio,quick_ratio,interest_coverage_ratio,ebitda_to_total_debt,cfo_to_total_debt,free_cash_flow,operating_margin,roa,roe,net_profit_margin,total_asset_turnover,accounts_receivable_turnover,inventory_turnover,sales_growth_rate,operating_income_growth_rate,total_asset_growth_rate
033780,0.4879830185826415,0.6720506803582589,0.043219228512950986,2.2833489453012645,1.2965772245145228,-12.97336170677143,,0.18005606586008674,13565000000.0,0.20119408501771596,0.0872733965850003,0.12491009681881052,0.19716365037049874,0.44264445510620787,3.851645481001672,-1.0253114960711547,0.007877722679053418,0.01839915842568035,0.09025557504541806
