stock_code,debt_ratio,equity_ratio,debt_dependency_ratio,current_ratio,quick_ratio,interest_coverage_ratio,ebitda_to_total_debt,cfo_to_total_debt,free_cash_flow,operating_margin,roa,roe,net_profit_margin,total_asset_turnover,accounts_receivable_turnover,inventory_turnover,sales_growth_rate,operating_income_growth_rate,total_asset_growth_rate
034810_0,0.20353365305627,1.6617732249706292,0.33822677502937093,0.3441741962694494,0.3441741962694494,,,-4.90543918234788,-8684213868.0,,-0.01852488454345633,-0.011154749992097103,,,,,,,-0.04215597602659268
034810_1,0.20503300190950483,1.6597055821963251,0.3402944178036749,0.6050096679694352,0.6050096679694352,,,-11.310286495150823,-37522563395.0,,-0.2260063618207585,-0.13227211746075362,,,,,,,-0.11083159285484336
034810_2,0.14144551009035936,1.75216423589215,0.2478357641078499,0.33918722946284446,0.33918722946284446,,,-9.891724344801384,-31383814784.0,,0.008820227770643096,0.005015309319756253,,,,,,,0.025432010036934755
034810_3,0.13293744534758203,1.7653225323366424,0.2346774676633575,0.5743711354809594,0.5743711354809594,,,3.144441311207031,2985825993.0,,0.028882291696823548,0.016529993349663024,,,,,,,0.15507221329029552
034810_4,0.15847408607405972,1.7264089236365903,0.2735910763634098,0.8679249458179625,0.8679249458179625,,,18.857279087524965,28223505434.0,,0.6673390474844648,0.3898399244792312,,,,,,,2.7504237054567744
034810_5,0.2068948622059216,1.6571451769580556,0.3428548230419445,0.8704859528217163,0.8704859528217163,,,4.464903237748432,5221740599.0,,0.011509255766262742,0.006778317284323321,,,,,,,0.10765535091542869
034810_6,0.14734727583298704,1.7431513911496217,0.2568486088503784,0.46232199870240664,0.46232199870240664,,,3.809460134370988,-17819817866.0,,,,,,,,,,
