stock_code,debt_ratio,equity_ratio,debt_dependency_ratio,current_ratio,quick_ratio,interest_coverage_ratio,ebitda_to_total_debt,cfo_to_total_debt,free_cash_flow,operating_margin,roa,roe,net_profit_margin,total_asset_turnover,accounts_receivable_turnover,inventory_turnover,sales_growth_rate,operating_income_growth_rate,total_asset_growth_rate
035420,0.4135772988115132,0.707425056161248,0.18980895353404212,1.5388484551135029,1.535279311551803,-3.4192079432197655,,0.23192286589425923,2009769104712.0,0.18432810451131382,0.052282200006734295,0.07541051704342876,0.1799242767795078,0.29057890876396114,2.733164826773705,587.4810691594639,0.11034174505672528,0.32941731062550056,0.06799655373691348
