stock_code,debt_ratio,equity_ratio,debt_dependency_ratio,current_ratio,quick_ratio,interest_coverage_ratio,ebitda_to_total_debt,cfo_to_total_debt,free_cash_flow,operating_margin,roa,roe,net_profit_margin,total_asset_turnover,accounts_receivable_turnover,inventory_turnover,sales_growth_rate,operating_income_growth_rate,total_asset_growth_rate
035720,0.8484704831861212,0.5409878107852429,0.11886145322684646,1.2694595133952142,1.261941439073268,1.2063855830581058,,0.2286827816894453,2199420674708.0,0.05846419674941132,-0.006353721112677058,-0.011644739002758434,-0.020563630164975668,0.3089785734183659,13.574637815961967,77.34615777899273,0.04164223493956153,-0.0014010484015024077,0.023552823538828097
