stock_code,debt_ratio,equity_ratio,debt_dependency_ratio,current_ratio,quick_ratio,interest_coverage_ratio,ebitda_to_total_debt,cfo_to_total_debt,free_cash_flow,operating_margin,roa,roe,net_profit_margin,total_asset_turnover,accounts_receivable_turnover,inventory_turnover,sales_growth_rate,operating_income_growth_rate,total_asset_growth_rate
036570_0,0.11485287054130452,1.793958694324321,0.20604130567567894,6.043448151062973,6.043448151062973,,,0.3579182936349413,28874213996.0,,0.02356393542678207,0.013268754596842644,,,,,,,-0.09789631200289986
036570_1,0.13662027303371863,1.7596026108718446,0.24039738912815553,3.8920157879390906,3.8920157879390906,,,0.3277707875793184,-31684868510.0,,0.046868865517973674,0.026765689440008712,,,,,,,-0.008880935893846307
036570_2,0.14768843198595655,1.7426332306401364,0.2573667693598635,5.80940149134938,5.80940149134938,,,1.085437139337079,454897545282.0,,0.10379429437349728,0.06027715517390568,,,,,,,-0.03289169440062201
036570_3,0.17512361289397166,1.701948610388833,0.29805138961116695,3.82055333917628,3.82055333917628,,,0.5348159142260792,96427337589.0,,0.08328563166767669,0.047624901781497794,,,,,,,0.1298998906406908
036570_4,0.11006163690092716,1.8017017555742265,0.19829824442577354,5.7166837453229045,5.7166837453229045,,,1.6659545620673148,711438628007.0,,0.1753312979606623,0.09770002598042742,,,,,,,0.24732756360367697
036570_5,0.11999961312724253,1.7857149025396861,0.21428509746031393,5.5300566334996315,5.5300566334996315,,,1.0190472165933626,435341417899.0,,0.10136208697051471,0.055949362257306005,,,,,,,0.1051938839624034
036570_6,0.08673980980806086,1.8403669231122015,0.15963307688779851,3.8560746054670667,3.8560746054670667,,,2.920356505236984,391060683657.0,,,,,,,,,,
