stock_code,debt_ratio,equity_ratio,debt_dependency_ratio,current_ratio,quick_ratio,interest_coverage_ratio,ebitda_to_total_debt,cfo_to_total_debt,free_cash_flow,operating_margin,roa,roe,net_profit_margin,total_asset_turnover,accounts_receivable_turnover,inventory_turnover,sales_growth_rate,operating_income_growth_rate,total_asset_growth_rate
039610_0,0.14600662091647676,1.7451906153915353,0.2548093846084647,4.226960623421813,4.226960623421813,,,1.1721017815919141,-586332998.0,,0.051153592457464744,0.029697844970438505,,,,,,,-0.0033991854674683708
039610_1,0.17659312867317367,1.6998229475089404,0.30017705249105964,3.4202840961791776,3.4202840961791776,,,2.1706195156893817,7602956449.0,,0.0627199635597945,0.037184445324531794,,,,,,,0.053424650894876316
039610_2,0.19550802898300224,1.672928956990247,0.3270710430097529,2.4277237120652373,2.4277237120652373,,,-3.948801822433466,-21171916536.0,,0.03043730035867782,0.0178685687733933,,,,,,,0.14217248397398552
039610_3,0.15061503232042883,1.7382008263586028,0.2617991736413971,8.92042894910469,8.92042894910469,,,-8.838199715420865,-6060077430.0,,0.023084813220531072,0.013293577234823835,,,,,,,0.035629161800833656
039610_4,0.1528589232746204,1.7348176430114544,0.26518235698854564,6.746814256348098,6.746814256348098,,,13.822845464805233,-1034446475.0,,0.01255330620653185,0.007189638499914129,,,,,,,0.05940927506550402
039610_5,0.13771905270892376,1.7579032321186625,0.24209676788133755,4.7333720077780574,4.7333720077780574,,,13.71465400106236,1441747564.0,,0.032108203364780354,0.018433710406488293,,,,,,,0.10590632090710687
039610_6,0.16007045887526905,1.7240332125507907,0.2759667874492093,5.243634653417998,5.243634653417998,,,-7.027805872307611,-6971500133.0,,,,,,,,,,
