stock_code,debt_ratio,equity_ratio,debt_dependency_ratio,current_ratio,quick_ratio,interest_coverage_ratio,ebitda_to_total_debt,cfo_to_total_debt,free_cash_flow,operating_margin,roa,roe,net_profit_margin,total_asset_turnover,accounts_receivable_turnover,inventory_turnover,sales_growth_rate,operating_income_growth_rate,total_asset_growth_rate
041190_0,0.09145983292189756,1.8324082478105408,0.16759175218945913,33.31195160556457,33.31195160556457,,,-4.875751685937457,,,0.20602644534347853,0.11249700271688665,,,,,,,0.2695136928870062
041190_1,0.0928313164754196,1.8301086085731555,0.16989139142684442,26.857264153593377,26.857264153593377,,,-4.059366040248771,,,0.22134902774859105,0.12077046039467121,,,,,,,0.3168243817166016
041190_2,0.08910994595844617,1.8363618911219712,0.16363810887802885,10.533550887837304,10.533550887837304,,,5.826395101798556,,,-0.4684955576358821,-0.25927148800161454,,,,,,,-0.4803557283522367
041190_3,0.11626126297244894,1.7916952476468433,0.20830475235315668,2.275703704562867,2.275703704562867,,,-2.872257066717003,,,1.187827571550892,0.6583820258251445,,,,,,,6.366683935938225
041190_4,0.054853818132791374,1.8959973084613966,0.1040026915386034,42.4385807524699,42.4385807524699,,,4.28720322989679,,,0.27654843145477903,0.14405661285875426,,,,,,,0.5875530991821852
041190_5,0.02177280292679206,1.957382300909898,0.042617699090102004,23.74058338863018,23.74058338863018,,,7.324645395302515,,,,,,,,,,,
