stock_code,debt_ratio,current_ratio,quick_ratio,cfo_to_total_debt,operating_margin,roe,net_profit_margin,total_asset_turnover,accounts_receivable_turnover,inventory_turnover,sales_growth_rate,operating_income_growth_rate,total_asset_growth_rate
041920,0.09204262090287382,11.092079444300847,9.854213692693865,0.08579640767152186,0.02295318255943097,0.10877601375293738,0.2178174076138602,0.2268122846943309,4.203588968811566,4.412437596066927,-0.2726588000847523,-0.8607545206455964,0.24692318721191994
