stock_code,debt_ratio,equity_ratio,debt_dependency_ratio,current_ratio,quick_ratio,interest_coverage_ratio,ebitda_to_total_debt,cfo_to_total_debt,free_cash_flow,operating_margin,roa,roe,net_profit_margin,total_asset_turnover,accounts_receivable_turnover,inventory_turnover,sales_growth_rate,operating_income_growth_rate,total_asset_growth_rate
042110_0,0.14269004545889483,1.7502559053070395,0.24974409469296058,3.0492005597591656,2.609680238850451,,,,,,0.048581638344972394,0.028199986758389358,,,,,,,-0.02241420937334252
042110_1,0.17933678388090177,1.6958684129384154,0.3041315870615845,2.4849192569999317,2.1448265771052366,,,,,,0.022161369700742083,0.013081623097462464,,,,,,,0.004254424696827345
042110_2,0.1818290028553206,1.692292197236625,0.30770780276337506,2.4013105319945125,1.956807317061775,,,,,,0.040386781591254035,0.024049551419655212,,,,,,,0.020554815680309525
042110_3,0.20042843709072763,1.6660718275277255,0.33392817247227435,2.498038427902237,2.037897935683401,,,,,,0.03890580847449733,0.023375341387776513,,,,,,,0.046689974893627265
042110_4,0.2029058545697377,1.6626405070705816,0.33735949292941836,2.483196131535801,2.096316532086923,,,,,,0.02330048487323595,0.013753117142722421,,,,,,,0.12628312835331523
042110_5,0.1562446165692304,1.7297377832852807,0.27026221671471923,3.0334020618985025,2.4574427759162134,,,,,,-0.021905250076359767,-0.012373817338078784,,,,,,,0.07253655892891417
042110_6,0.10266678519067257,1.8137845692469652,0.18621543075303476,3.9789462645590716,3.2903680648035363,,,,,,,,,,,,,,
