stock_code,debt_ratio,equity_ratio,debt_dependency_ratio,current_ratio,quick_ratio,interest_coverage_ratio,ebitda_to_total_debt,cfo_to_total_debt,free_cash_flow,operating_margin,roa,roe,net_profit_margin,total_asset_turnover,accounts_receivable_turnover,inventory_turnover,sales_growth_rate,operating_income_growth_rate,total_asset_growth_rate
042940_0,0.14437045740115456,1.7476858014510137,0.25231419854898623,1.3885925595910436,1.3885925595910436,,,-0.002792602253887255,-2394610610.0,,,,,,,,,,-0.0524068054529876
042940_1,0.16304989382417176,1.7196166825000865,0.2803833174999136,2.841630216126477,2.841630216126477,,,-1.8535754468204788,-29212654800.0,,-0.0015172005935061902,-0.0008928682704054844,,,,,,,0.007645888639682941
042940_2,0.1913878000521749,1.6787145209246002,0.32128547907539995,1.193452666170886,1.193452666170886,,,-3.4488096229889864,-20373522171.0,,-0.08323442536497808,-0.04773640602345804,,,,,,,0.2838352800542963
042940_3,0.09471411247732928,1.8269610094584567,0.1730389905415433,3.0479454151115526,3.0479454151115526,,,-15.17751390813167,-11994910350.0,,-0.2740252602235087,-0.16324490308484785,,,,,,,-0.24092228127419926
042940_4,0.27713271838837206,1.5660079576724197,0.4339920423275803,1.334885892996748,1.334885892996748,,,0.846337069474013,2911320764.0,,-0.007601811991205793,-0.005201633870287416,,,,,,,-0.062017099892849495
042940_5,0.46699273407550923,1.3633332691728628,0.6366667308271373,0.6949805329789808,0.6949805329789808,,,734.373042338987,92695794339.0,,-0.034181791351949896,-0.02508866401420161,,,,,,,0.021956846899272704
042940_6,0.46893949233680826,1.3615264688801945,0.6384735311198055,1.2572570025727585,1.2572570025727585,,,-1.4834663476208543,-74664044044.0,,,,,,,,,,
