stock_code,debt_ratio,equity_ratio,debt_dependency_ratio,current_ratio,quick_ratio,interest_coverage_ratio,ebitda_to_total_debt,cfo_to_total_debt,free_cash_flow,operating_margin,roa,roe,net_profit_margin,total_asset_turnover,accounts_receivable_turnover,inventory_turnover,sales_growth_rate,operating_income_growth_rate,total_asset_growth_rate
045970_0,1.1934190497082355,0.22795461727502964,0.27204538272497036,1.0998429190629893,0.9578772330612065,,,0.17680175828653746,8903121704.0,,,,,,,,,,0.010590577669468155
045970_1,0.9539061202369508,0.2558976579383276,0.24410234206167242,0.8239440493765633,0.7504369995234027,,,0.1099382239831426,2694348091.0,,,,,,,,,,-0.008610561307630792
045970_2,0.8656281350970408,0.26800624979532295,0.23199375020467708,0.9987179081250802,0.9590883352924591,,,0.033456643535095684,-30041824005.0,,,,,,,,,,-0.02156706093755849
045970_3,0.6477176029552739,0.3034500566742881,0.1965499433257119,0.9820457320272821,0.8957676394992247,,,0.23459454520388967,7509979439.0,,,,,,,,,,0.13443740008873142
045970_4,0.6730073853585232,0.29886299628787993,0.2011370037121201,1.2147026135572272,1.091268229577598,,,0.26876244006094113,6450248198.0,,,,,,,,,,0.030978772739733856
045970_5,0.5404176678515799,0.32458729241748435,0.17541270758251568,0.935002731960502,0.7894684090678853,,,-0.048499608162534624,-3655522060.0,,,,,,,,,,0.5837204743490411
045970_6,0.15900868603036988,0.4314031516989842,0.06859684830101581,0.44847846487038645,0.44847846487038645,,,-0.016357234112424103,-272039735.0,,,,,,,,,,
