stock_code,debt_ratio,equity_ratio,debt_dependency_ratio,current_ratio,quick_ratio,interest_coverage_ratio,ebitda_to_total_debt,cfo_to_total_debt,free_cash_flow,operating_margin,roa,roe,net_profit_margin,total_asset_turnover,accounts_receivable_turnover,inventory_turnover,sales_growth_rate,operating_income_growth_rate,total_asset_growth_rate
046390_0,0.06873335476137057,1.8713741749424158,0.12862582505758421,16.86453695755201,16.86453695755201,,,36.228069905150754,4178403916.0,,0.03476859425796949,0.019674727633819382,,,,,,,-0.17755943786154443
046390_1,0.18943628376901303,1.6814687993731974,0.3185312006268026,2.0205301884188778,2.0205301884188778,,,1.9518289895635514,24046649217.0,,-0.002824090625365241,-0.0016692182399603347,,,,,,,0.018843179649702828
046390_2,0.1747737069033065,1.702455535263879,0.29754446473612095,2.3668031728129444,2.3668031728129444,,,-3.0596563360229228,-10171639081.0,,0.1827624105373664,0.11008122270527401,,,,,,,0.15137292301687588
046390_3,0.24095893729349183,1.611656872677804,0.3883431273221961,3.1023626311267005,3.1023626311267005,,,-1.0285923218515949,-24879348648.0,,0.16240559643574815,0.09610145016294701,,,,,,,1.0584141057694845
046390_4,0.08045250015768567,1.8510762848974034,0.14892371510259655,14.616384301951056,14.616384301951056,,,6.160188757095335,971517689.0,,-0.12409920541746904,-0.06766552418558741,,,,,,,-0.2132205380257523
046390_5,0.09855012251440826,1.8205814728073717,0.1794185271926283,4.69432303373723,4.69432303373723,,,3.7161661133520347,1982291165.0,,0.03008843402190654,0.0175324041584006,,,,,,,-0.20269802356377675
046390_6,0.22480953965943318,1.6329069420508546,0.3670930579491454,2.208785612422952,2.208785612422952,,,-0.5688710093990441,-11933897460.0,,,,,,,,,,
