stock_code,debt_ratio,equity_ratio,debt_dependency_ratio,current_ratio,quick_ratio,interest_coverage_ratio,ebitda_to_total_debt,cfo_to_total_debt,free_cash_flow,operating_margin,roa,roe,net_profit_margin,total_asset_turnover,accounts_receivable_turnover,inventory_turnover,sales_growth_rate,operating_income_growth_rate,total_asset_growth_rate
047080_0,0.5617685161870356,1.2805995122010017,0.7194004877989983,1.1423378346153878,1.1423378346153878,,,0.2783285865619441,211750306.0,,0.0012935303834616134,0.0010160453275038172,,,,,,,0.01641161948230638
047080_1,0.5804235898483345,1.2654835152086854,0.7345164847913147,1.02768480697503,1.02768480697503,,,-3.6134566793168026,-7184508043.0,,-0.3769331300611815,-0.26946032898840333,,,,,,,-0.30819812413668424
047080_2,0.3412879997546648,1.4911040733726242,0.5088959266273758,1.760603125772275,1.760603125772275,,,0.6418782581976694,722621074.0,,0.024152287207125787,0.016782351480717245,,,,,,,-0.1635215647471013
047080_3,0.4329852016357451,1.3956878254688259,0.6043121745311741,1.4880396683852277,1.4880396683852277,,,-1.6920461487876282,-6462124082.0,,-0.07161286423892149,-0.05104117681746318,,,,,,,-0.10289192719896549
047080_4,0.418804369244178,1.4096376099161825,0.5903623900838174,0.9186668008728863,0.9186668008728863,,,-1.14847768970109,-2418224155.0,,-0.04705385874886526,-0.033320012455229295,,,,,,,-0.0853164080524056
047080_5,0.41392149802124173,1.4145056870547374,0.5854943129452627,0.8900557468357793,0.8900557468357793,,,-1.4178016420233654,-2647431826.0,,-0.0908382884641836,-0.062256611451469775,,,,,,,0.002617778180202922
047080_6,0.32996379955580907,1.5038003295036861,0.4961996704963139,1.5447275375057288,1.5447275375057288,,,0.9274500404138354,1553075434.0,,,,,,,,,,
