stock_code,debt_ratio,equity_ratio,debt_dependency_ratio,current_ratio,quick_ratio,interest_coverage_ratio,ebitda_to_total_debt,cfo_to_total_debt,free_cash_flow,operating_margin,roa,roe,net_profit_margin,total_asset_turnover,accounts_receivable_turnover,inventory_turnover,sales_growth_rate,operating_income_growth_rate,total_asset_growth_rate
047400_0,1.6314902178822683,0.380012812969818,0.6199871870301821,1.0854787614146735,0.6332506025885578,,,0.06241412292516382,3387020568.0,,-0.1411441507551388,-0.3277905295460891,,,,,,,-0.1091164502820505
047400_1,1.1023722745793978,0.4756531524370777,0.5243468475629224,1.2044497926532267,0.7008943645106477,,,0.04973959194410378,264727545.0,,-0.07547234631495005,-0.1487370770616331,,,,,,,-0.0537949097900791
047400_2,0.8605333389456031,0.5374802907679781,0.46251970923202185,1.3000015493914938,0.7873467752095562,,,-0.20293856968996424,-15860612650.0,,0.02542286930332821,0.047794647864984385,,,,,,,0.032248422193846646
047400_3,0.9004980690205528,0.5261778563739153,0.4738221436260846,1.5682113701493565,1.0252750539518856,,,0.12051744430450956,1537909952.0,,0.028611010325534703,0.05497068466382551,,,,,,,0.03183483252273094
047400_4,0.943272426397646,0.5145958880576289,0.48540411194237104,1.5708885023475545,1.0666584740361882,,,0.16460825110030947,3001364037.0,,-0.012593449369593045,-0.023744676372362307,,,,,,,0.023190683462126636
047400_5,0.8297971136506386,0.5465086771313648,0.45349132286863525,1.615170881259634,1.061663160713276,,,0.1889497094032554,2778722708.0,,0.022952357733167995,0.04161121259323077,,,,,,,0.13088610497033004
047400_6,0.794243731389064,0.5573378814180513,0.44266211858194876,1.374878541566197,0.9375404253528636,,,-0.0022677555341580847,-9561736622.0,,,,,,,,,,
