stock_code,debt_ratio,current_ratio,quick_ratio,cfo_to_total_debt,operating_margin,roe,net_profit_margin,total_asset_turnover,accounts_receivable_turnover,inventory_turnover,sales_growth_rate,operating_income_growth_rate,total_asset_growth_rate
050090,0.22792662162624958,1.6692702098935759,1.5786598423517406,-0.016641785977016505,-0.13572940586654345,-0.06089407469826943,-0.43431503577660235,0.2275016933419042,,6.087529597688217,0.07891756296890831,-9.190102881051196,0.007521395278359439
