stock_code,debt_ratio,equity_ratio,debt_dependency_ratio,current_ratio,quick_ratio,interest_coverage_ratio,ebitda_to_total_debt,cfo_to_total_debt,free_cash_flow,operating_margin,roa,roe,net_profit_margin,total_asset_turnover,accounts_receivable_turnover,inventory_turnover,sales_growth_rate,operating_income_growth_rate,total_asset_growth_rate
051910,0.9555548823437748,0.5113638124037093,0.012435860126304737,1.319169132356277,0.8995754804069503,-0.3376829257961515,,0.1528998578985323,-7767519000000.0,0.01874225306250882,0.006012113063414601,0.011581915542247856,0.010528455005329125,0.5710346922099668,5.833213567236957,-4.54154189595868,-0.11463720628053123,-0.6375140558501595,0.21158858283019022
