stock_code,debt_ratio,equity_ratio,debt_dependency_ratio,current_ratio,quick_ratio,interest_coverage_ratio,ebitda_to_total_debt,cfo_to_total_debt,free_cash_flow,operating_margin,roa,roe,net_profit_margin,total_asset_turnover,accounts_receivable_turnover,inventory_turnover,sales_growth_rate,operating_income_growth_rate,total_asset_growth_rate
051900,0.3024776946514608,0.7677674666571522,0.04237385272323476,2.2039106437680305,1.4921134898463304,-21.7179782145532,0.41552923798845504,0.24051476051370482,413652678346.0,0.06738863579747384,0.02788004316652028,0.036295596759024946,0.029931027867476392,0.9314763024498484,11.601434510562974,-3.5984575206708174,0.0010403458813555793,-0.05736424967266444,0.025691265597100037
