stock_code,debt_ratio,current_ratio,quick_ratio,cfo_to_total_debt,operating_margin,roe,net_profit_margin,total_asset_turnover,accounts_receivable_turnover,inventory_turnover,sales_growth_rate,operating_income_growth_rate,total_asset_growth_rate
052420_0,0.042349734074952294,5.685576412483032,5.228446210652133,1.7051629643708837,,0.036686477725448925,,,,,,,0.07321564510099585
052420_1,0.05049535021586766,5.874873291045362,5.319475700149555,0.8691604590150687,,0.02820541770867647,,,,,,,0.04082551923727878
052420_2,0.09646090757633095,3.4059676312315412,3.0725701968961445,0.3884444496346157,,0.003955660667428414,,,,,,,-0.024260355229647767
052420_3,0.10196677832734566,2.94116371061471,2.615393424883482,0.10288134129777138,,-0.023441527895590054,,,,,,,0.10753324699521317
052420_4,0.06671964441025789,6.410406836007898,5.84787592583163,0.47969328943852146,,0.0310360713976969,,,,,,,0.09829665002693652
052420_5,0.07704371156060051,11.302302564202742,10.879847737207191,0.2528394122962238,,0.04741561233687007,,,,,,,0.3816056233728855
052420_6,0.05463394475862457,9.089510926266748,8.297847346556555,0.6470727808253526,,,,,,,,,
