stock_code,debt_ratio,current_ratio,quick_ratio,cfo_to_total_debt,operating_margin,roe,net_profit_margin,total_asset_turnover,accounts_receivable_turnover,inventory_turnover,sales_growth_rate,operating_income_growth_rate,total_asset_growth_rate
053210,0.28672125840719287,1.7862036021831673,1.7820026174551755,0.28578717495624123,-0.0010516876914305718,-0.16358790383994748,-0.2854368975571619,0.9068752441691381,7.2476071110006135,715.1462272580947,-0.0026013789424828176,-1.0764741668970899,-0.14432606570180834
