stock_code,debt_ratio,equity_ratio,debt_dependency_ratio,current_ratio,quick_ratio,interest_coverage_ratio,ebitda_to_total_debt,cfo_to_total_debt,free_cash_flow,operating_margin,roa,roe,net_profit_margin,total_asset_turnover,accounts_receivable_turnover,inventory_turnover,sales_growth_rate,operating_income_growth_rate,total_asset_growth_rate
054090_0,0.4384884948770263,1.3903482767660067,0.6096517232339934,1.4053735139403012,1.4053735139403012,,,-15.314914160755437,-11940582089.0,,-0.12344234068178457,-0.08614035836253753,,,,,,,-0.09197454298930215
054090_1,0.35888038473298883,1.4717998894310238,0.5282001105689762,1.0844723022357041,1.0844723022357041,,,-12.443007152599758,-11296881479.0,,-0.186974871018844,-0.12246940630544528,,,,,,,-0.15571157536888425
054090_2,0.27140408533565974,1.5730640030718368,0.4269359969281633,1.2712762567830775,1.2712762567830775,,,-1.975088054164101,-5757412420.0,,-0.0004018755309741961,-0.00025135646253307325,,,,,,,0.08162694149032006
054090_3,0.2294881290987481,1.626693217010611,0.37330678298938896,1.5778646247755772,1.5778646247755772,,,10.084381215758981,3437169277.0,,0.0019852919164638654,0.0012104985005792414,,,,,,,0.08545135266617479
054090_4,0.20877181530237904,1.6545720000095239,0.3454279999904762,1.3244362260362954,1.3244362260362954,,,-11.076545653121842,-6248547483.0,,-0.027356024090885674,-0.016423083462985995,,,,,,,-0.048035633108780104
054090_5,0.19310056582966859,1.6763046278577722,0.3236953721422278,1.644292424603918,1.644292424603918,,,1.4860212756097912,621855658.0,,0.04227022584368191,0.02542506677948806,,,,,,,0.002062921637079958
054090_6,0.21304035998244092,1.6487497580286203,0.35125024197137966,1.791764755173465,1.791764755173465,,,4.60139965439176,4614797560.0,,,,,,,,,,
