stock_code,debt_ratio,equity_ratio,debt_dependency_ratio,current_ratio,quick_ratio,interest_coverage_ratio,ebitda_to_total_debt,cfo_to_total_debt,free_cash_flow,operating_margin,roa,roe,net_profit_margin,total_asset_turnover,accounts_receivable_turnover,inventory_turnover,sales_growth_rate,operating_income_growth_rate,total_asset_growth_rate
058110_0,0.1849433427790366,1.6878444122985818,0.31215558770141816,1.4326020585999983,1.4326020585999983,,,-0.12441174878591259,-4986590701.0,,,,,,,,,,-0.14314404950326523
058110_1,0.1495493468785533,1.7398122189627885,0.2601877810372116,2.3023862143928655,2.3023862143928655,,,0.1147701450745291,-3481766559.0,,-0.19380699019420639,-0.10937576556111316,,,,,,,-0.18725896049551466
058110_2,0.1123182665248345,1.7980465305568605,0.20195346944313944,4.251607576995033,4.251607576995033,,,1.8701687253866206,5010817348.0,,-0.049290838666421324,-0.02742211068967791,,,,,,,-0.07319082065348441
058110_3,0.11298773688661352,1.7969649922600643,0.20303500773993566,11.48724201347019,11.48724201347019,,,5.9075939218954225,10322456320.0,,0.12894512783124037,0.07562358068908362,,,,,,,0.33275732027257926
058110_4,0.2637060537178742,1.5826465293221625,0.4173534706778374,2.73184845547023,2.73184845547023,,,-1.9219559692178954,-31241821961.0,,0.5271371218619326,0.35202313120208756,,,,,,,2.0055528628302577
058110_5,0.6110994652285121,1.2413882836937866,0.7586117163062135,0.9879501747338127,0.9879501747338127,,,-0.17719354580773794,-1522057053.0,,-0.04390539423171329,-0.034891380306640116,,,,,,,0.032604157641201205
058110_6,0.5675767540083273,1.2758545920548754,0.7241454079451247,1.3188770480973295,1.3188770480973295,,,0.03161420180175866,74778060.0,,,,,,,,,,
