stock_code,debt_ratio,equity_ratio,debt_dependency_ratio,current_ratio,quick_ratio,interest_coverage_ratio,ebitda_to_total_debt,cfo_to_total_debt,free_cash_flow,operating_margin,roa,roe,net_profit_margin,total_asset_turnover,accounts_receivable_turnover,inventory_turnover,sales_growth_rate,operating_income_growth_rate,total_asset_growth_rate
060230_0,0.41780231926896333,1.410633889378334,0.5893661106216662,0.6805814473900104,0.6805814473900104,,,-8.341555704318047,-6551600143.0,,,,,,,,,,-0.16870719806348908
060230_1,0.2024919911739804,1.6632127404419723,0.33678725955802763,1.1401584310967205,1.1401584310967205,,,-42.953665487172124,-25792009043.0,,,,,,,,,,0.2145022800607342
060230_2,0.2806259680059936,1.561736252400154,0.438263747599846,0.6018491684567562,0.6018491684567562,,,5.951736850702933,1457383070.0,,,,,,,,,,-0.05252476486585978
060230_3,0.33980696821680717,1.492752349737265,0.507247650262735,0.5574504426641045,0.5574504426641045,,,-0.04727552086267084,-12460061573.0,,,,,,,,,,0.7006423529938687
060230_4,0.19038727172127937,1.6801254915201123,0.3198745084798877,2.2418640594086825,2.2418640594086825,,,45.72174286113494,7193447865.0,,,,,,,,,,0.003521786363935211
060230_5,0.22420845626152058,1.633708695419068,0.36629130458093195,1.9155858279573705,1.9155858279573705,,,72.37729292349096,14454310908.0,,,,,,,,,,0.25064333035312025
060230_6,0.361307916107727,1.4691753249466377,0.5308246750533623,1.1297751744806805,1.1297751744806805,,,76.7010419562286,7280326852.0,,,,,,,,,,
