stock_code,debt_ratio,equity_ratio,debt_dependency_ratio,current_ratio,quick_ratio,interest_coverage_ratio,ebitda_to_total_debt,cfo_to_total_debt,free_cash_flow,operating_margin,roa,roe,net_profit_margin,total_asset_turnover,accounts_receivable_turnover,inventory_turnover,sales_growth_rate,operating_income_growth_rate,total_asset_growth_rate
060540_0,0.04124884023409585,1.9207704467169977,0.07922955328300235,4.739256010452658,4.739256010452658,42.296183914083855,,-0.8218539235,-1771195392.0,0.23025255603178824,0.06854511230890287,0.035825676243106744,0.3112815729682787,0.22020292320961765,,,0.014992032525186707,-0.32219053148681637,0.04465167026040434
060540_1,0.04960033673803589,1.9054871935499096,0.09451280645009048,3.444648773316033,3.444648773316033,19.10458476777171,,-6.310465583,-6412056695.0,0.3447938110889322,0.06886458138776233,0.03669772919859651,0.31095206336453535,0.22146365791125497,,,0.044636891015879546,0.2277406640626189,-0.0029743403120267545
060540_2,0.08244474946240041,1.8476693623330949,0.15233063766690513,2.463124308893677,2.463124308893677,11.19230252649903,,3.0953601263333335,9061255606.0,0.29337167481738474,0.04173028894179859,0.02220298205884201,0.18709091056258112,0.2230481898683153,,,-0.013603681946790019,0.08912358453121766,0.11344569761527046
060540_3,0.044429431921210974,1.9149211415088452,0.08507885849115485,3.499195055783644,3.499195055783644,88.43187131691094,,,5994547373.0,0.2657005540702965,0.07098465804178174,0.03700397084600988,0.28938871528940824,0.24529172801638893,,,0.2299641178207159,0.4537437959743458,0.05452050286376259
060540_4,0.040658644111873934,1.9218597868918428,0.07814021310815732,4.463235688049489,4.463235688049489,2.957849148498186,,,685414545.0,0.22480037300693304,0.02618574360765118,0.01358900470159567,0.12643075558847078,0.20711529790176353,,,-0.1753114336069809,-0.37148406779681165,0.02219746182659787
060540_5,0.035081840404503004,1.9322143640530043,0.06778563594699576,5.776095089165503,5.776095089165503,18.27074365263088,,,10894422027.0,0.2949651517819759,0.06829195529334946,0.03537068918677552,0.26211096142787077,0.260545972290985,,,0.14132833033283596,0.395452891710955,0.05349385237145748
060540_6,0.0366953153492218,1.929207135778634,0.07079286422136595,5.002122786321554,5.002122786321554,28.454567938972158,,,2871584736.0,0.24124933646232039,,,0.22455422745823247,,,,,,
