stock_code,debt_ratio,equity_ratio,debt_dependency_ratio,current_ratio,quick_ratio,interest_coverage_ratio,ebitda_to_total_debt,cfo_to_total_debt,free_cash_flow,operating_margin,roa,roe,net_profit_margin,total_asset_turnover,accounts_receivable_turnover,inventory_turnover,sales_growth_rate,operating_income_growth_rate,total_asset_growth_rate
061040_0,0.2616890400386563,1.585176645379057,0.41482335462094294,0.995266357172268,0.995266357172268,,,0.8843857943635876,13526411522.0,,-0.06937449091191203,-0.04327388567149553,,,,,,,-0.07830852021896392
061040_1,0.23478577212937832,1.61971416025552,0.3802858397444799,1.8523349684805968,1.8523349684805968,,,-0.07766327874727708,-10057276038.0,,-0.06572081171755283,-0.03891344388900001,,,,,,,0.12063120839711058
061040_2,0.13222960760154484,1.7664261617718104,0.23357383822818947,3.4933530416314995,3.4933530416314995,,,1.1909358048304464,15966015429.0,,0.051724677748738346,0.02895947058558093,,,,,,,0.13501802148475045
061040_3,0.10592402168261252,1.8084424976655196,0.19155750233448043,3.465739798170355,3.465739798170355,,,0.7226252199585301,9268665894.0,,0.07487040953833297,0.04344048912695138,,,,,,,0.060414046477093426
061040_4,0.2243946613878442,1.633460242086495,0.36653975791350507,1.5674429221856407,1.5674429221856407,,,0.013159911511583718,-3944086286.0,,-0.2674001845967617,-0.17190179270519873,,,,,,,-0.08427688186147611
061040_5,0.3475387156854428,1.4841874127398815,0.5158125872601186,1.1162177642134452,1.1162177642134452,,,-0.10560419803930007,-20126015138.0,,-0.09646902529176074,-0.06051118144036697,,,,,,,0.54197177452036
061040_6,0.1338353670457971,1.7639245150828122,0.23607548491718783,3.0895430154207713,3.0895430154207713,,,0.2600248385527161,-405967419.0,,,,,,,,,,
