stock_code,debt_ratio,equity_ratio,debt_dependency_ratio,current_ratio,quick_ratio,interest_coverage_ratio,ebitda_to_total_debt,cfo_to_total_debt,free_cash_flow,operating_margin,roa,roe,net_profit_margin,total_asset_turnover,accounts_receivable_turnover,inventory_turnover,sales_growth_rate,operating_income_growth_rate,total_asset_growth_rate
064290_0,0.46635576984971333,1.363925481880144,0.6360745181198558,1.1073635677019726,1.1073635677019726,,,-0.433263397825421,,,-0.09528747394491828,-0.06834003252482303,,,,,,,-0.062124591306726686
064290_1,0.40566419991561364,1.4228149227390625,0.5771850772609375,1.3078282589273404,1.3078282589273404,,,0.259839629494091,,,-0.08817394411110728,-0.05895705699704833,,,,,,,0.13410811713984874
064290_2,0.26737458548919585,1.5780654140449069,0.42193458595509314,1.7871965836469572,1.7871965836469572,,,-0.4138970967379923,,,0.1464672850670015,0.09588625019702683,,,,,,,0.08226494281286163
064290_3,0.35796006228148697,1.4727973638928908,0.527202636107109,1.721194273118998,1.721194273118998,,,-1.8377429107736738,,,0.28193536121297574,0.18682953286480966,,,,,,,1.0388917206339894
064290_4,0.263448348319448,1.5829693415328472,0.41703065846715276,1.8692408903209572,1.8692408903209572,,,-1.52312034162623,,,0.19589061034908103,0.12590070829511787,,,,,,,0.2620049506609848
064290_5,0.31426002964990624,1.5217688698428742,0.4782311301571259,1.6592108074107748,1.6592108074107748,,,-0.6207978640312604,,,0.15171865584395394,0.09909555624172069,,,,,,,0.37895758685505054
064290_6,0.29549622321811947,1.5438099811914812,0.4561900188085187,1.582305314414783,1.582305314414783,,,-1.1809907619923925,,,,,,,,,,,
