stock_code,debt_ratio,equity_ratio,debt_dependency_ratio,current_ratio,quick_ratio,interest_coverage_ratio,ebitda_to_total_debt,cfo_to_total_debt,free_cash_flow,operating_margin,roa,roe,net_profit_margin,total_asset_turnover,accounts_receivable_turnover,inventory_turnover,sales_growth_rate,operating_income_growth_rate,total_asset_growth_rate
064550_0,0.25384633167020093,1.595091798319397,0.4049082016806029,1.0550493561280208,1.0550493561280208,,,-0.278368998418404,-22071928552.0,,-0.1790551642863543,-0.10806671272834997,,,,,,,-0.020022336534949954
064550_1,0.16451026201559404,1.7174601763820418,0.2825398236179581,1.6532025404128503,1.6532025404128503,,,-0.6125166836173791,-28580653637.0,,-0.1383043105378804,-0.07838883920237485,,,,,,,-0.06295323257054072
064550_2,0.10603422345323135,1.8082623101441218,0.19173768985587814,2.8423273483121934,2.8423273483121934,,,-0.7023168662815077,-35430559157.0,,-0.05322834726169117,-0.02938814844288079,,,,,,,0.058594633922791635
064550_3,0.10232488080897834,1.8143471446750186,0.18565285532498146,2.727015121739775,2.727015121739775,,,1.8281535457331646,-1746794811.0,,0.07318661444259228,0.04065553794881076,,,,,,,0.2990506693153111
064550_4,0.12249938638194216,1.7817381677565383,0.21826183224346185,2.606985864001884,2.606985864001884,,,7.641673181714285,20598886003.0,,0.41190246771169176,0.24920718890211932,,,,,,,1.2882175905414641
064550_5,0.472829263652675,1.3579306504542967,0.6420693495457032,1.0902259715247922,1.0902259715247922,,,-0.6708060881908431,-15054297183.0,,-0.1731932894056974,-0.11886252477279068,,,,,,,0.08145481550046837
064550_6,0.278507124604473,1.5643244855743237,0.4356755144256763,1.344252090771847,1.344252090771847,,,-0.6432174716566947,-15492633284.0,,,,,,,,,,
