stock_code,debt_ratio,equity_ratio,debt_dependency_ratio,current_ratio,quick_ratio,interest_coverage_ratio,ebitda_to_total_debt,cfo_to_total_debt,free_cash_flow,operating_margin,roa,roe,net_profit_margin,total_asset_turnover,accounts_receivable_turnover,inventory_turnover,sales_growth_rate,operating_income_growth_rate,total_asset_growth_rate
064520_0,0.022236683521422624,1.9564940607593513,0.043505939240648696,28.153990251586556,27.176628766578013,,,-4.622261357220035,-2163564591.0,,0.013085061889243563,0.007098393659306463,,,,,,,-0.03839720203793358
064520_1,0.15299286774450138,1.7346161073072588,0.26538389269274126,2.6001088565795722,2.4848650460674593,,,29.70012526461641,-16529692.0,,0.05518518275155251,0.0330870179760998,,,,,,,0.2304170507690705
064520_2,0.2612191420316425,1.5857672416692692,0.4142327583307308,5.109746459704478,4.502239241573658,,,47.42773539336706,20180068591.0,,-0.07874714991588935,-0.04809405197347539,,,,,,,0.4050242226451313
064520_3,0.16969822599675177,1.7098427231482813,0.29015727685171855,2.1082088369753658,1.581421745286734,,,-94.80208426282353,-23839720271.0,,0.014855510339836807,0.008434768226181697,,,,,,,0.40176868219490247
064520_4,0.09096047338775476,1.8332469862903547,0.1667530137096454,2.373692066088167,1.3978197420058742,,,-438.79605023683894,,,-0.20618903832045918,-0.12715398990617666,,,,,,,-0.40818686159944667
064520_5,0.336633871145421,1.4962960636977658,0.5037039363022343,1.2525625785809378,1.1293271003058836,,,48.41939066245356,,,-0.16019680489345903,-0.11912983686764178,,,,,,,-0.006311478363903014
064520_6,0.674888293863907,1.1941094861831483,0.8058905138168517,0.6221894591795747,0.3904311778432104,,,147.70705466500542,,,-0.34154954698306905,-0.2562212276250251,,,,,,,-0.1692539733216875
064520_7,0.38080517411486425,1.448430261917332,0.5515697380826681,1.0210572578929464,0.5700911978970598,,,55.89258299763862,,,,,,,,,,,
