stock_code,debt_ratio,current_ratio,quick_ratio,cfo_to_total_debt,operating_margin,roe,net_profit_margin,total_asset_turnover,accounts_receivable_turnover,inventory_turnover,sales_growth_rate,operating_income_growth_rate,total_asset_growth_rate
065350,0.4185352704792865,1.0212969790589845,0.8144851623895059,-0.08830917277383958,0.029873111208011126,0.007124581420063074,0.008189278480934157,1.240708266865866,5.173920798471579,11.388088393012561,0.09118144883938144,-0.09010497151629485,0.11810201262042563
