stock_code,debt_ratio,current_ratio,quick_ratio,cfo_to_total_debt,operating_margin,roe,net_profit_margin,total_asset_turnover,accounts_receivable_turnover,inventory_turnover,sales_growth_rate,operating_income_growth_rate,total_asset_growth_rate
065450,0.2957899889115215,0.9840508968454719,0.5876588466022182,0.23014206633078504,0.02543799165692338,0.02403375727697498,0.053426059513891296,0.7008764419577123,,3.8320072835411594,0.3014822396639317,-1.4192076802918165,0.10708990934150645
