stock_code,debt_ratio,equity_ratio,debt_dependency_ratio,current_ratio,quick_ratio,interest_coverage_ratio,ebitda_to_total_debt,cfo_to_total_debt,free_cash_flow,operating_margin,roa,roe,net_profit_margin,total_asset_turnover,accounts_receivable_turnover,inventory_turnover,sales_growth_rate,operating_income_growth_rate,total_asset_growth_rate
065530_0,0.291997198487089,1.5479909726909413,0.45200902730905873,0.8969442403121487,0.8969442403121487,,,0.6182466505518387,14841246030.0,,0.022269819248517318,0.014470734332266503,,,,,,,-0.02301854637882453
065530_1,0.30707982581660953,1.5301284286523835,0.4698715713476164,0.94653876264797,0.94653876264797,,,0.713910964567824,10929357659.0,,0.02004479790891586,0.012816348256903717,,,,,,,0.13686480634395193
065530_2,0.24804036464729667,1.6025122717607065,0.3974877282392934,1.2070636653995124,1.2070636653995124,,,2.072677053202107,13859146955.0,,0.018315216368646022,0.01167808141438504,,,,,,,-0.10629609359546167
065530_3,0.30055720741099523,1.5378024039260663,0.4621975960739338,1.1206130556515974,1.1206130556515974,,,2.0440862111266904,33200249155.0,,0.017595057136327207,0.01163227832458058,,,,,,,-0.033602403241261805
065530_4,0.3438541090350599,1.4882567881092976,0.5117432118907025,0.9135096903250088,0.9135096903250088,,,1.1777666963981674,23749836063.0,,0.020417624368793713,0.013819088272046587,,,,,,,-0.02915173274053724
065530_5,0.3632841519042027,1.4670455878229405,0.5329544121770595,0.8078741028844058,0.8078741028844058,,,0.7988481375112281,17558706469.0,,0.014766109614195798,0.009855644298254224,,,,,,,0.14417623487141432
065530_6,0.3038408583010564,1.5339295338589556,0.46607046614104436,0.7990810154849038,0.7990810154849038,,,0.7998513335722744,18610582979.0,,,,,,,,,,
