stock_code,debt_ratio,equity_ratio,debt_dependency_ratio,current_ratio,quick_ratio,interest_coverage_ratio,ebitda_to_total_debt,cfo_to_total_debt,free_cash_flow,operating_margin,roa,roe,net_profit_margin,total_asset_turnover,accounts_receivable_turnover,inventory_turnover,sales_growth_rate,operating_income_growth_rate,total_asset_growth_rate
065950_0,0.277387377982199,1.5656957587597762,0.4343042412402238,0.6703825181483736,0.6703825181483736,,,0.06195271442226649,1691537563.0,,0.0028000793708930724,0.0017692988855372346,,,,,,,0.06797196246205758
065950_1,0.24950175480054138,1.6006380081629106,0.3993619918370894,0.8936079496975179,0.8936079496975179,,,0.43380320849133075,3466624099.0,,-0.008980999888519697,-0.005633229123221345,,,,,,,-0.040771368217268886
065950_2,0.2592868696999655,1.5882004713322508,0.4117995286677491,0.9552235845367323,0.9552235845367323,,,2.2824809439320806,2663469949.0,,0.0193284811561493,0.012231629038923046,,,,,,,-0.011712031626232817
065950_3,0.2720193401918927,1.5723031378581764,0.4276968621418236,1.6633939816130843,1.6633939816130843,,,0.5635425093598724,5316992528.0,,0.0668688480491297,0.04277120753974097,,,,,,,0.035605678671374666
065950_4,0.2868388626928057,1.5541961452849284,0.44580385471507145,1.1334936684845431,1.1334936684845431,,,0.9088233109623572,14214783606.0,,0.06410704298084788,0.041564857759712005,,,,,,,0.092267944517209
065950_5,0.3077152849752432,1.5293848920928248,0.4706151079071752,0.9263078457744998,0.9263078457744998,,,-0.10262856151656426,-9056427242.0,,-0.0477986882689822,-0.03149668592775055,,,,,,,-0.040160541313773314
065950_6,0.32780440831011426,1.5062459406543043,0.49375405934569566,0.928834069755166,0.928834069755166,,,0.6804890304912898,9722396097.0,,,,,,,,,,
