stock_code,debt_ratio,equity_ratio,debt_dependency_ratio,current_ratio,quick_ratio,interest_coverage_ratio,ebitda_to_total_debt,cfo_to_total_debt,free_cash_flow,operating_margin,roa,roe,net_profit_margin,total_asset_turnover,accounts_receivable_turnover,inventory_turnover,sales_growth_rate,operating_income_growth_rate,total_asset_growth_rate
066130_0,0.17955073255003934,1.6955608137992109,0.30443918620078914,2.159472381833468,1.693655010562233,,,4.865175160131118,11515085139.0,,,,,,,,,,0.09790692385344932
066130_1,0.1719583158321385,1.7065453378176834,0.2934546621823167,3.373757617292528,2.6860292517661466,,,0.6897652850585931,8494048452.0,,0.0430961591552986,0.025148238453613993,,,,,,,0.06992574511623527
066130_2,0.16189636174018746,1.7213239199790364,0.27867608002096356,3.652918413485724,2.7202613983913464,,,-0.00216805336318034,-3382481529.0,,0.036400810044673,0.020687442888172574,,,,,,,0.1427227574911355
066130_3,0.10910573146088977,1.8032545890513467,0.19674541094865336,3.3813434312184207,2.485348145165822,,,4.801574542659631,-17226321714.0,,0.07284993855789693,0.03999785014353049,,,,,,,0.13170945865633724
066130_4,0.08588186625324744,1.8418209771757654,0.1581790228242346,5.503670856870131,4.674493535190884,,,3.820903884173313,5016096368.0,,0.05945733247348213,0.03221292353393827,,,,,,,0.06817486359464296
066130_5,0.0810997827334601,1.849967997350981,0.15003200264901884,5.908841600785265,5.063885913083158,,,13.434306810624603,6700513158.0,,0.02473420890766931,0.01335521289879309,,,,,,,0.03158461842650754
066130_6,0.07866130730796513,1.8541501270602139,0.14584987293978607,6.087496898172985,5.19198762289368,,,2.737815193466609,1369694183.0,,,,,,,,,,
