stock_code,debt_ratio,equity_ratio,debt_dependency_ratio,current_ratio,quick_ratio,interest_coverage_ratio,ebitda_to_total_debt,cfo_to_total_debt,free_cash_flow,operating_margin,roa,roe,net_profit_margin,total_asset_turnover,accounts_receivable_turnover,inventory_turnover,sales_growth_rate,operating_income_growth_rate,total_asset_growth_rate
066980_0,0.4069158763316545,1.4215491015814914,0.5784508984185087,0.6216810152863935,0.6216810152863935,,,0.9047357520251584,14782362305.0,,-0.39480028855485894,-0.2670374199220827,,,,,,,-0.4385024455665867
066980_1,0.3241588664485541,1.5103927864517332,0.48960721354826686,1.162218915498222,1.162218915498222,,,-1.17650304290489,-34209925311.0,,0.004249495565837929,0.002694701367100401,,,,,,,0.50247599237154
066980_2,0.19258400588800184,1.6770307082148008,0.3229692917851991,0.4152380246557972,0.4152380246557972,,,0.03300125914412012,-80963852.0,,-0.029680807291047967,-0.018320796296122623,,,,,,,8.34567895098855e-05
066980_3,0.2795197137402954,1.563086507009411,0.43691349299058885,0.2251844268463443,0.2251844268463443,,,-0.1842134753237691,-850483084.0,,0.02586212073323687,0.01585731935743743,,,,,,,0.6228082189156204
066980_4,0.14875351129412695,1.7410175292930354,0.25898247070696456,3.2673427960766257,3.2673427960766257,,,-1.2834402596551742,-3918450170.0,,-0.322944386655673,-0.18828192236630958,,,,,,,-0.2924620059736383
066980_5,0.17857646790951498,1.6969624410942759,0.30303755890572415,1.1976085144222723,1.1976085144222723,,,-0.13021097609693888,-1214444914.0,,0.028995709633971703,0.01719134354859113,,,,,,,-0.015157811269446443
066980_6,0.1929716347762578,1.67648579538532,0.32351420461468006,1.3500385329791114,1.3500385329791114,,,0.5593524971959113,1783566488.0,,,,,,,,,,
