stock_code,debt_ratio,equity_ratio,debt_dependency_ratio,current_ratio,quick_ratio,interest_coverage_ratio,ebitda_to_total_debt,cfo_to_total_debt,free_cash_flow,operating_margin,roa,roe,net_profit_margin,total_asset_turnover,accounts_receivable_turnover,inventory_turnover,sales_growth_rate,operating_income_growth_rate,total_asset_growth_rate
067170_0,0.2566159959978132,1.5915761110552347,0.4084238889447653,0.40333802811476976,0.40333802811476976,,,-0.08856442926348088,-4154184453.0,,-0.11741492897456013,-0.07308497128871677,,,,,,,-0.15906030704239454
067170_1,0.2352168498119189,1.6191488970653067,0.3808511029441444,0.586793954828775,0.586793954828775,,,0.3410873910710467,13342147744.0,,-0.07613044248157061,-0.047501087759657445,,,,,,,0.0642217258078007
067170_2,0.26165911499490274,1.5852142438713173,0.4147857561286828,0.6256867341442175,0.6256867341442175,,,-0.043194220920261886,-3942591758.0,,-0.1369951344264197,-0.08551620653949384,,,,,,,-0.1704815415484698
067170_3,0.2377118597208163,1.6158849770180992,0.3841150229819008,0.8914030976029661,0.8914030976029661,,,-0.3530388722364017,-20892394855.0,,-0.0018707816456169475,-0.001141822574795031,,,,,,,0.05397498605197961
067170_4,0.203249674859088,1.6621654190217996,0.33783458097820046,0.9810000835102435,0.9810000835102435,,,0.314452543507993,13414611462.0,,0.022802935677761847,0.013591793501024811,,,,,,,0.0759668418767469
067170_5,0.18035032501174153,1.694412207647001,0.3055877923529991,0.743005247671018,0.743005247671018,,,-0.23251908897757717,-12019147957.0,,0.05192887328449841,0.030919011097034096,,,,,,,-0.01334335491159288
067170_6,0.2013367779490058,1.6648120965833744,0.3351879034166257,0.8570236362570668,0.8570236362570668,,,0.3283540916929865,13193732567.0,,,,,,,,,,
