stock_code,debt_ratio,equity_ratio,debt_dependency_ratio,current_ratio,quick_ratio,interest_coverage_ratio,ebitda_to_total_debt,cfo_to_total_debt,free_cash_flow,operating_margin,roa,roe,net_profit_margin,total_asset_turnover,accounts_receivable_turnover,inventory_turnover,sales_growth_rate,operating_income_growth_rate,total_asset_growth_rate
068270,0.19767620820299503,0.8349502087049134,0.014917926151922513,1.7520921985943596,0.8842420912809851,-6.129284097568645,,0.25951906773049055,568346288884.0,0.13831137189359086,0.02042733541230324,0.024139056085860103,0.11775304075169561,0.1734760757081264,3.30233010012601,-0.6462370149422667,0.6344660987866854,-0.24477426659692292,0.055039277096963324
