stock_code,debt_ratio,equity_ratio,debt_dependency_ratio,current_ratio,quick_ratio,interest_coverage_ratio,ebitda_to_total_debt,cfo_to_total_debt,free_cash_flow,operating_margin,roa,roe,net_profit_margin,total_asset_turnover,accounts_receivable_turnover,inventory_turnover,sales_growth_rate,operating_income_growth_rate,total_asset_growth_rate
068330_0,0.02805927920284773,1.9454131103712138,0.054586889628786314,14.417027753434429,14.417027753434429,,,6.310385577189631,7425934141.0,,,,,,,,,,0.054801552288280514
068330_1,0.03020039419127509,1.9413698648116264,0.05863013518837355,13.507781394132614,13.507781394132614,,,8.145555159079798,11709044380.0,,0.10468692701988712,0.05420680330987184,,,,,,,0.03707270510515141
068330_2,0.0412564564998593,1.9207563972500277,0.07924360274997223,9.306015818745927,9.306015818745927,,,4.96671706326351,7115946283.0,,0.06641224243274191,0.03487419654375505,,,,,,,0.03565102949696813
068330_3,0.05969619480520263,1.8873333789479612,0.11266662105203881,6.415279951220472,6.415279951220472,,,7.6810697165797,13683315871.0,,0.110533191915984,0.05844497036445,,,,,,,0.1390719092412901
068330_4,0.05503044054869802,1.8956798999655822,0.10432010003441779,6.729660041835054,6.729660041835054,,,7.079513858470753,8727718025.0,,0.08344582833773762,0.04435985071323579,,,,,,,0.08596416021788396
068330_5,0.07221882624222727,1.8652908819082568,0.13470911809174324,5.520996557215459,5.520996557215459,,,5.0625189505945505,11388267900.0,,0.11153386504621582,0.05951910615259911,,,,,,,0.15419777799536705
068330_6,0.06164254741016908,1.883873253647297,0.11612674635270298,6.163215253244576,6.163215253244576,,,9.25028831182865,9666993149.0,,,,,,,,,,
