stock_code,debt_ratio,current_ratio,quick_ratio,cfo_to_total_debt,operating_margin,roe,net_profit_margin,total_asset_turnover,accounts_receivable_turnover,inventory_turnover,sales_growth_rate,operating_income_growth_rate,total_asset_growth_rate
077500_0,0.34999797181155984,1.7409051465148324,1.2119554068795904,0.006168833584464885,,0.00886760135687474,,,,,,,0.0639733398736808
077500_1,0.359955624706392,1.7314523295519255,1.1914997096694175,0.029605589845249733,,0.039852445142596546,,,,,,,-0.043675915081884814
077500_2,0.34411914010734396,1.5804250594130103,0.9989753301731231,-0.16772164147936916,,0.046423926684420094,,,,,,,0.3053485031423631
077500_3,0.27328746881485233,1.6253793360201196,0.9702597941146808,0.11510108792196573,,0.07431895881509347,,,,,,,0.20023470899865503
077500_4,0.29183448750823854,1.5140192916523258,1.0449737893521542,0.09886129588023769,,0.04261660013576889,,,,,,,0.08150688939543743
077500_5,0.29035390294981256,1.517258113334276,0.9838684701130977,-0.17667315198542086,,0.010355615921600768,,,,,,,0.06982434441864624
077500_6,0.2690734160070298,1.6058636075251809,0.9864899790505058,0.14820191492990295,,,,,,,,,
