stock_code,debt_ratio,equity_ratio,debt_dependency_ratio,current_ratio,quick_ratio,interest_coverage_ratio,ebitda_to_total_debt,cfo_to_total_debt,free_cash_flow,operating_margin,roa,roe,net_profit_margin,total_asset_turnover,accounts_receivable_turnover,inventory_turnover,sales_growth_rate,operating_income_growth_rate,total_asset_growth_rate
081150_0,0.18419141942909278,1.6889161390514165,0.3110838609485834,1.8694749918488014,1.8694749918488014,,,5.358722426628865,19271800930.0,,0.005855804970874695,0.0034859575744212775,,,,,,,-0.021458398655332056
081150_1,0.19693643302370648,1.6709325113845774,0.3290674886154225,1.8149076067826504,1.8149076067826504,,,-4.909511998001263,-13143657849.0,,-0.00945024275456452,-0.005660976295819568,,,,,,,-0.012204069441252534
081150_2,0.19917082288552626,1.6678190978558536,0.3321809021441464,1.9254314173909484,1.9254314173909484,,,-1.0241735993294019,-4852373868.0,,0.06999150863603051,0.041677020132246834,,,,,,,0.13722632178846467
081150_3,0.1816664225167849,1.6925250323524288,0.3074749676475713,1.9730210660774314,1.9730210660774314,,,7.086743350729573,4536448081.0,,0.058220149686383664,0.03450789206172414,,,,,,,0.4029273462891717
081150_4,0.19074528945128985,1.6796203333473818,0.3203796666526183,2.306831457098975,2.306831457098975,,,11.613369035215687,5612960551.0,,0.02520042148217956,0.015160655041027836,,,,,,,-0.01867858938599942
081150_5,0.21569106798772222,1.6451548034407364,0.35484519655926366,1.9927483167806859,1.9927483167806859,,,17.286433505426654,3336642156.0,,0.015566015315702989,0.009505556649081514,,,,,,,0.14085280655912785
081150_6,0.22780959647018273,1.628917061529556,0.371082938470444,2.1540305507316777,2.1540305507316777,,,7.850179520387543,1763482620.0,,,,,,,,,,
