stock_code,debt_ratio,equity_ratio,debt_dependency_ratio,current_ratio,quick_ratio,interest_coverage_ratio,ebitda_to_total_debt,cfo_to_total_debt,free_cash_flow,operating_margin,roa,roe,net_profit_margin,total_asset_turnover,accounts_receivable_turnover,inventory_turnover,sales_growth_rate,operating_income_growth_rate,total_asset_growth_rate
082210_0,0.38875821767939195,1.4401354926575989,0.5598645073424011,0.4980333706603906,0.47229585421371223,,,-2.095124129781937,-47809944098.0,,,,,,,,,,-0.08605746356200773
082210_1,0.7655680472155796,1.1327799022836507,0.8672200977163494,0.25739290897079375,0.24872162307648854,,,0.8818508581684259,76235083170.0,,0.030491800470703982,0.02681346320698467,,,,,,,-0.011721014173067971
082210_2,0.7520292605456536,1.1415334464089477,0.8584665535910524,0.18810294809131567,0.16956504881239273,,,0.6131243676750736,50684150270.0,,-0.3082014195920536,-0.2423236993873069,,,,,,,-0.30164801013226894
082210_3,0.4674903204885217,1.362870999608507,0.6371290003914929,0.6276030422622004,0.5918579373713324,,,-0.28097973985659885,-30515719560.0,,-0.10798525253524738,-0.07669567503889632,,,,,,,0.06307866582653082
082210_4,0.37370662552837036,1.455914940521407,0.544085059478593,0.9509717455665019,0.8784780654918484,,,-0.4074160341869897,-30109604031.0,,-0.07059433256151466,-0.047702665074672065,,,,,,,0.011808295974150729
082210_5,0.3296698327312772,1.5041327935460462,0.49586720645395377,1.1909562408203629,1.0876668156127833,,,-0.27178318032282234,-26461101289.0,,0.02766361689075289,0.018435101692048907,,,,,,,0.04148693857704074
082210_6,0.3360857302671998,1.4969099322691113,0.5030900677308888,0.8455657732711865,0.7746220880840166,,,-0.030911430467516997,-10735390371.0,,,,,,,,,,
