stock_code,debt_ratio,equity_ratio,debt_dependency_ratio,current_ratio,quick_ratio,interest_coverage_ratio,ebitda_to_total_debt,cfo_to_total_debt,free_cash_flow,operating_margin,roa,roe,net_profit_margin,total_asset_turnover,accounts_receivable_turnover,inventory_turnover,sales_growth_rate,operating_income_growth_rate,total_asset_growth_rate
086390_0,0.2069656277931212,1.657048016899126,0.34295198310087405,2.2240773767412403,2.2240773767412403,,,-0.4984160284502888,-18196592582.0,,-0.15373052664683695,-0.08890427868767646,,,,,,,-0.051289009444798715
086390_1,0.11260010606018227,1.7975910563968767,0.2024089436031234,3.052934975227246,3.052934975227246,,,,,,0.06733753793630305,0.03743083327723715,,,,,,,0.0893334468195337
086390_2,0.11079936987422687,1.8005051625357469,0.19949483746425317,2.9249118200757533,2.9249118200757533,,,,,,-0.030729305416134205,-0.01697536378492882,,,,,,,-0.02136591029403734
086390_3,0.09905436346841134,1.8197461986214873,0.18025380137851268,4.469219855779381,4.469219855779381,,,-0.6390422115302795,,,-0.029305551892786934,-0.015968511602754643,,,,,,,0.006968201171399095
086390_4,0.080626045988415,1.8507790066920535,0.14922099330794653,4.706500815766231,4.706500815766231,,,1.3988956771066638,,,0.03262963852527689,0.01747418525082987,,,,,,,0.033827745526627664
086390_5,0.06135107153649668,1.8843906164853068,0.11560938351469315,6.944999284323832,6.944999284323832,,,3.8005785179619314,,,0.12561388400629758,0.06779191950034061,,,,,,,0.017879162663518498
086390_6,0.09835015875134986,1.820912924775905,0.17908707522409503,4.572519716832845,4.572519716832845,,,28.7204931225,,,,,,,,,,,
