stock_code,debt_ratio,equity_ratio,debt_dependency_ratio,current_ratio,quick_ratio,interest_coverage_ratio,ebitda_to_total_debt,cfo_to_total_debt,free_cash_flow,operating_margin,roa,roe,net_profit_margin,total_asset_turnover,accounts_receivable_turnover,inventory_turnover,sales_growth_rate,operating_income_growth_rate,total_asset_growth_rate
086520_0,0.32564333674484036,1.508701431646814,0.49129856835318614,0.9610081181919018,0.9610081181919018,,,-0.02958878597254917,,,-0.07280866478547926,-0.04698954893991702,,,,,,,0.17093174216421492
086520_1,0.2521940707432055,1.5971965102924939,0.4028034897075062,0.8260447226159078,0.8260447226159078,,,1.1130608769774548,,,0.18957608817136293,0.11706500975604618,,,,,,,0.6246916337240875
086520_2,0.20809678564826617,1.6554964997500574,0.34450350024994264,0.6504028821794514,0.6504028821794514,,,0.7723496744720477,,,-0.10431540440365776,-0.06209950598759904,,,,,,,0.06405341890438122
086520_3,0.17255152908556218,1.7056819682455577,0.2943180317544423,6.269164671058466,6.269164671058466,,,0.5559278845728256,,,0.693770098406279,0.42378908708444746,,,,,,,1.5864034524817099
086520_4,0.3702456651075683,1.459592284017913,0.5404077159820869,0.8417449411581981,0.8417449411581981,,,0.3022943426339624,,,0.06075198226481169,0.03969412193806181,,,,,,,0.4881267385033538
086520_5,0.22247316563264846,1.6360277315085028,0.3639722684914973,1.190363732479476,1.190363732479476,,,0.2824576725531994,,,0.37515398606616696,0.21530048182536965,,,,,,,-0.19478522110419266
086520_6,0.09398808030477392,1.8281734837941017,0.17182651620589834,1.45192833308393,1.45192833308393,,,-0.08961753204346011,,,,,,,,,,,
