stock_code,debt_ratio,equity_ratio,debt_dependency_ratio,current_ratio,quick_ratio,interest_coverage_ratio,ebitda_to_total_debt,cfo_to_total_debt,free_cash_flow,operating_margin,roa,roe,net_profit_margin,total_asset_turnover,accounts_receivable_turnover,inventory_turnover,sales_growth_rate,operating_income_growth_rate,total_asset_growth_rate
086670_0,0.33720600535173023,1.4956558615468771,0.5043441384531229,1.0946549640372816,1.0946549640372816,,,5.33612719175852,15023029604.0,,,,,,,,,,-0.0008683053665737159
086670_1,0.3410447287019695,1.491374565810232,0.5086254341897681,1.429706563876348,1.429706563876348,,,5.251461384315022,-20112371716.0,,0.07092596521239806,0.04819289510485588,,,,,,,0.05011743052612778
086670_2,0.3783028739990382,1.4510598778606303,0.5489401221393698,1.5928346258116977,1.5928346258116977,,,-5.210370472502571,-61046266394.0,,0.0757161224605072,0.052384967167078356,,,,,,,0.2869366687128622
086670_3,0.3907551305175826,1.438067677129964,0.5619323228700359,1.6607557676647755,1.6607557676647755,,,-3.6626290184583983,-35088772391.0,,0.026727692336909536,0.018206837100025065,,,,,,,0.25657086101630694
086670_4,0.3283573419542187,1.5056189602247323,0.4943810397752676,1.5133821245315262,1.5133821245315262,,,-0.1151211313810183,-22065398711.0,,0.03046490277263598,0.019683329233169827,,,,,,,0.23278565197067522
086670_5,0.25024071904030626,1.5996919389533355,0.4003080610466644,1.7322308037518035,1.7322308037518035,,,8.841234874848517,8172193452.0,,0.046030996265631605,0.02873282531066414,,,,,,,0.06898131725290252
086670_6,0.24646315278733302,1.6045400102904066,0.3954599897095934,1.5404873282199383,1.5404873282199383,,,-27.401220316407066,-26033647751.0,,,,,,,,,,
