stock_code,debt_ratio,equity_ratio,debt_dependency_ratio,current_ratio,quick_ratio,interest_coverage_ratio,ebitda_to_total_debt,cfo_to_total_debt,free_cash_flow,operating_margin,roa,roe,net_profit_margin,total_asset_turnover,accounts_receivable_turnover,inventory_turnover,sales_growth_rate,operating_income_growth_rate,total_asset_growth_rate
089010_0,0.4656613755158785,1.3645716762482376,0.6354283237517624,0.6639240659789123,0.4836591779965313,,,0.2505115602366646,-72883494856.0,,,,,,,,,,0.25952478072603147
089010_1,0.42514537379051204,1.4033656052087695,0.5966343947912305,1.1499095361833191,0.9250231371462561,,,0.08000658115281381,-29871082532.0,,-0.04663693871495125,-0.033869673668539664,,,,,,,0.045769449064961956
089010_2,0.48221611472310627,1.349330897251526,0.6506691027484739,0.9322178352730951,0.7124120970066917,,,0.1813749437874524,-21438014622.0,,0.017244819329827576,0.012650221693245554,,,,,,,0.09588592058495948
089010_3,0.4509522593157355,1.3784051040681335,0.6215948959318663,1.0467393034232044,0.7682769010130234,,,0.11225410629830396,-1118252650.0,,0.07728910381874007,0.05618099626010652,,,,,,,0.16747420291352305
089010_4,0.45711329807395257,1.372576863201817,0.627423136798183,0.905878345613172,0.7584457171569663,,,0.1524633962148111,-10116558424.0,,0.025442774167656956,0.018361271258215024,,,,,,,0.16353880486153777
089010_5,0.4276358152731755,1.4009175019311935,0.5990824980688064,1.1595616732626925,0.9220172100233126,,,0.2529817264549518,4302373319.0,,0.0006392488153528598,0.0004524270760270371,,,,,,,0.10056807606395701
089010_6,0.4023717787792465,1.4261553393073725,0.5738446606926274,1.1127473152819043,0.8704669192101951,,,0.0018097374505210589,-7914326265.0,,,,,,,,,,
