stock_code,debt_ratio,equity_ratio,debt_dependency_ratio,current_ratio,quick_ratio,interest_coverage_ratio,ebitda_to_total_debt,cfo_to_total_debt,free_cash_flow,operating_margin,roa,roe,net_profit_margin,total_asset_turnover,accounts_receivable_turnover,inventory_turnover,sales_growth_rate,operating_income_growth_rate,total_asset_growth_rate
089890_0,0.17098249861623413,1.7079674566984793,0.2920325433015207,2.1517292987296424,2.1517292987296424,,,2.8288349911947313,29137176290.0,,-0.001978091392938593,-0.0011719544316912479,,,,,,,-0.13276016031144366
089890_1,0.19730635701893062,1.6704162541821181,0.32958374581788175,1.9485833971967335,1.9485833971967335,,,-2.879449588067143,-41228827997.0,,0.08022835341341833,0.04642934990791673,,,,,,,0.32992361729296915
089890_2,0.1083380877281705,1.804503537453562,0.195496462546438,2.7231997694311,2.7231997694311,,,8.209294913669504,16428968937.0,,0.10579170085468785,0.060566118932885805,,,,,,,0.0006419493843049328
089890_3,0.184211294276997,1.6888877936441833,0.3111122063558168,1.7676485984445636,1.7676485984445636,,,2.0393496634711434,8555474808.0,,0.15146149227267855,0.09808969355481802,,,,,,,0.027594560626068552
089890_4,0.4333407855629165,1.3953415825075677,0.6046584174924324,2.0084270125947197,2.0084270125947197,,,-5.32606551887367,-23083149540.0,,0.10033355249563383,0.06963983303495164,,,,,,,0.34190577653346094
089890_5,0.33183938674586505,1.5016825751689757,0.49831742483102426,1.2253879200102569,1.2253879200102569,,,1.7609669989365233,6132445525.0,,0.11121496844829923,0.07784772342702005,,,,,,,-0.07334467185080214
089890_6,0.46959411756927344,1.360919981979803,0.6390800180201971,1.2909103621008933,1.2909103621008933,,,-104.9236612328547,-35986826093.0,,,,,,,,,,
