stock_code,debt_ratio,equity_ratio,debt_dependency_ratio,current_ratio,quick_ratio,interest_coverage_ratio,ebitda_to_total_debt,cfo_to_total_debt,free_cash_flow,operating_margin,roa,roe,net_profit_margin,total_asset_turnover,accounts_receivable_turnover,inventory_turnover,sales_growth_rate,operating_income_growth_rate,total_asset_growth_rate
090460_0,0.1907810573583196,1.6795698820040745,0.3204301179959254,2.189789677844259,2.189789677844259,,,0.7662679873782093,87434418819.0,,0.0912009854586559,0.0532130946545407,,,,,,,0.19107468349517667
090460_1,0.1397627627280987,1.754751133659487,0.24524886634051307,1.995189724585624,1.995189724585624,,,1.2241710273315853,72106291080.0,,0.03883723319906786,0.02225132114889816,,,,,,,0.008943343275188073
090460_2,0.15211014991511823,1.7359451265552603,0.26405487344473955,2.702775958042946,2.702775958042946,,,3.1227642386281698,160746246622.0,,0.11189637434879113,0.06606757317720231,,,,,,,0.05487727885263323
090460_3,0.2128078541033225,1.6490658377857226,0.35093416221427737,2.2795893478959535,2.2795893478959535,,,0.719171048674732,33133864488.0,,0.1659129158058835,0.10157300882104876,,,,,,,0.22996081412575342
090460_4,0.2389962721588932,1.6142098607892446,0.38579013921075545,1.9576448222479115,1.9576448222479115,,,-0.513686892324904,-43357025170.0,,-0.027344730521992242,-0.01681233139473831,,,,,,,0.07007733159961892
090460_5,0.21981969883682045,1.639586573251058,0.36041342674894206,2.0952387332793725,2.0952387332793725,,,0.48531861470101695,-369833631.0,,0.08808953296486464,0.05708132502565188,,,,,,,-0.028096666148541484
090460_6,0.379711933500559,1.4495779527873378,0.5504220472126621,1.4266817613236888,1.4266817613236888,,,2.2131192263541366,127497567964.0,,,,,,,,,,
