stock_code,debt_ratio,equity_ratio,debt_dependency_ratio,current_ratio,quick_ratio,interest_coverage_ratio,ebitda_to_total_debt,cfo_to_total_debt,free_cash_flow,operating_margin,roa,roe,net_profit_margin,total_asset_turnover,accounts_receivable_turnover,inventory_turnover,sales_growth_rate,operating_income_growth_rate,total_asset_growth_rate
090430,0.2736571071633635,0.7851406743430017,0.07127409093909519,1.5832807172008074,1.128960237789405,5.140428850534431,,0.4911915077659523,610091866427.0,0.056750337631098845,0.09497087393170488,0.11798378244905905,0.15485823195747153,0.6132762380871465,11.439582108074665,2.5520939333347914,0.05747120260589284,1.0382618257512508,0.1523817638369801
