stock_code,debt_ratio,equity_ratio,debt_dependency_ratio,current_ratio,quick_ratio,interest_coverage_ratio,ebitda_to_total_debt,cfo_to_total_debt,free_cash_flow,operating_margin,roa,roe,net_profit_margin,total_asset_turnover,accounts_receivable_turnover,inventory_turnover,sales_growth_rate,operating_income_growth_rate,total_asset_growth_rate
091580_0,0.34017997743413186,1.49233687540172,0.50766312459828,0.6716942615517968,0.6716942615517968,,,0.0033593606109385567,-15595903563.0,,,,,,,,,,0.06903937180266119
091580_1,0.3287997706746361,1.5051176589115405,0.49488234108845963,1.087659460458247,1.087659460458247,,,0.3332416341247213,13533903375.0,,0.06345356448297407,0.04181268116241398,,,,,,,0.1729489578916467
091580_2,0.3053377985953733,1.5321704482564802,0.4678295517435199,1.2093600560579665,1.2093600560579665,,,0.2545596328381462,1751452861.0,,0.10537327794338526,0.0686592771216277,,,,,,,0.19623319157767746
091580_3,0.30057087687531,1.537786241073693,0.46221375892630684,1.060182641869387,1.060182641869387,,,0.2584286685618569,3566091210.0,,0.09454864054860487,0.06251397078927105,,,,,,,0.2107069088133171
091580_4,0.3497521644917183,1.4817535045429233,0.5182464954570766,0.8329579462173251,0.8329579462173251,,,0.3393059751987686,11222364410.0,,0.003247274461657898,0.0022138562148922244,,,,,,,-0.009910998574900295
091580_5,0.3774238827516143,1.451985859287335,0.5480141407126651,0.9105923631451083,0.9105923631451083,,,-0.13125543448626864,-8902753029.0,,0.0050536944347200335,0.0034620207031033443,,,,,,,0.030108154146214965
091580_6,0.3626265330199973,1.4677536005169283,0.5322463994830718,0.7309285424398589,0.7309285424398589,,,0.4164282926837356,3847786755.0,,,,,,,,,,
