stock_code,debt_ratio,equity_ratio,debt_dependency_ratio,current_ratio,quick_ratio,interest_coverage_ratio,ebitda_to_total_debt,cfo_to_total_debt,free_cash_flow,operating_margin,roa,roe,net_profit_margin,total_asset_turnover,accounts_receivable_turnover,inventory_turnover,sales_growth_rate,operating_income_growth_rate,total_asset_growth_rate
093240_0,0.3549094516014832,1.476113401996,0.5238865980040001,1.7149900556272868,1.7149900556272868,,,-4.182809714272345,-56419325556.0,,,,,,,,,,0.3312251577680189
093240_1,0.3246393409673814,1.5098449352556629,0.49015506474433707,1.840934084509823,1.840934084509823,,,-0.15217711182386387,-1854405523.0,,0.04272309415794018,0.02798189031194194,,,,,,,0.1468729293944844
093240_2,0.2934337477812137,1.5462716999852884,0.45372830001471165,2.065206045740961,2.065206045740961,,,-2.3518923406386922,-30047643432.0,,0.013288984104309913,0.00841873033138437,,,,,,,0.1496929146489376
093240_3,0.23796288840853166,1.6155573149459337,0.3844426850540663,2.6672529138007905,2.6672529138007905,,,0.6709697356048956,8580430001.0,,0.04441881735988084,0.027628470165040137,,,,,,,0.05449482197472999
093240_4,0.25042701537410894,1.599453606975718,0.4005463930242821,3.177538281248024,3.177538281248024,,,1.3267770817180202,17031396482.0,,-0.02762225187707601,-0.016697683025510956,,,,,,,0.1459561202856974
093240_5,0.16478277111260387,1.7170583645305761,0.28294163546942386,4.1089407887949045,4.1089407887949045,,,-0.9356879436663222,-6775835408.0,,-0.03132020640182264,-0.017588561423065623,,,,,,,0.07119288584328054
093240_6,0.11093007189652324,1.8489025043572749,0.20509888773801435,3.3485116596829134,3.3485116596829134,,,-4.432975747614839,-2799578184.0,,,,,,,,,,
