stock_code,debt_ratio,equity_ratio,debt_dependency_ratio,current_ratio,quick_ratio,interest_coverage_ratio,ebitda_to_total_debt,cfo_to_total_debt,free_cash_flow,operating_margin,roa,roe,net_profit_margin,total_asset_turnover,accounts_receivable_turnover,inventory_turnover,sales_growth_rate,operating_income_growth_rate,total_asset_growth_rate
093520_0,0.5707933096091641,1.2732419903784977,0.7267580096215023,1.2957955174002396,1.2957955174002396,,,2.763019239117882,,,,,,,,,,,0.387899803936469
093520_1,0.48386831407408576,1.3478284973339927,0.6521715026660074,1.4313637670962616,1.4313637670962616,,,-4.186985977052792,,,0.07625902573740136,0.05712031712990253,,,,,,,0.03307264986105718
093520_2,0.5130099983453108,1.3218683301414276,0.6781316698585724,1.3649511965963885,1.3649511965963885,,,3.999790748438514,,,0.11231044340214891,0.08043197227295813,,,,,,,1.0504427179437321
093520_3,0.2911203334762175,1.5490422915230466,0.4509577084769535,1.927692816943159,1.927692816943159,,,2.954589385086019,,,0.17221095327552907,0.10951401376074835,,,,,,,0.4549846544573306
093520_4,0.24483832350519744,1.606634341372484,0.39336565862751605,2.0149582463001487,2.0149582463001487,,,-48.24775486698336,,,0.07883069788199244,0.05018257144531977,,,,,,,-0.058217282222069136
093520_5,0.3010640718560613,1.5372033117068988,0.4627966882931012,1.778331687941235,1.778331687941235,,,-35.02526420570559,,,0.05546509843837045,0.035211948796560665,,,,,,,0.17474391186847976
093520_6,0.23472854147792907,1.6197892352970689,0.380210764702931,2.0752979727764442,2.0752979727764442,,,-0.5303283891887156,,,,,,,,,,,
