stock_code,debt_ratio,equity_ratio,debt_dependency_ratio,current_ratio,quick_ratio,interest_coverage_ratio,ebitda_to_total_debt,cfo_to_total_debt,free_cash_flow,operating_margin,roa,roe,net_profit_margin,total_asset_turnover,accounts_receivable_turnover,inventory_turnover,sales_growth_rate,operating_income_growth_rate,total_asset_growth_rate
096770,1.7877210332755014,0.35871595043533655,0.17818771516300166,0.9627005258090231,0.6887327128444634,0.04931130655110395,,0.05511985857811072,-6303258949000.0,0.004222445547046334,-0.02479529050263403,-0.06810739816542395,-0.031752933108435605,0.7808818926414964,11.523839053419733,6.587484006622921,-0.0332716530962315,-0.8342924497718961,0.36734577543654867
