stock_code,debt_ratio,equity_ratio,debt_dependency_ratio,current_ratio,quick_ratio,interest_coverage_ratio,ebitda_to_total_debt,cfo_to_total_debt,free_cash_flow,operating_margin,roa,roe,net_profit_margin,total_asset_turnover,accounts_receivable_turnover,inventory_turnover,sales_growth_rate,operating_income_growth_rate,total_asset_growth_rate
097950,1.4626746101973707,0.4060625775972308,0.29474124588986983,0.8583366697215092,0.6144281431737789,1.2587833553354764,,0.12594107360660584,1116205327000.0,0.05289735037910351,0.012110378124494154,0.030124435156904904,0.012324484709073458,0.9826275426816283,10.336058438688497,9.00654307607174,0.011563361664273119,0.2024146677506672,0.01836495244407145
