stock_code,debt_ratio,current_ratio,quick_ratio,cfo_to_total_debt,operating_margin,roe,net_profit_margin,total_asset_turnover,accounts_receivable_turnover,inventory_turnover,sales_growth_rate,operating_income_growth_rate,total_asset_growth_rate
099190,0.2654460964808143,2.4169799289437903,1.7389661502258884,0.09261517153567256,0.00912858890697071,-0.002249551481564534,-0.006707444996106077,0.5343527076191434,,3.6498028082039835,0.09813525147115984,-0.7568330428689382,0.18454063941183907
