stock_code,debt_ratio,equity_ratio,debt_dependency_ratio,current_ratio,quick_ratio,interest_coverage_ratio,ebitda_to_total_debt,cfo_to_total_debt,free_cash_flow,operating_margin,roa,roe,net_profit_margin,total_asset_turnover,accounts_receivable_turnover,inventory_turnover,sales_growth_rate,operating_income_growth_rate,total_asset_growth_rate
100030_0,0.0854766789200728,1.8425084931255962,0.15749150687440375,4.3702996277113755,4.3702996277113755,,,1.197397153787443,6665224751.0,,,,,,,,,,-0.030012557832680288
100030_1,0.08533977919341286,1.8427408986025842,0.15725910139741575,4.279270204901729,4.279270204901729,,,0.305042734157388,947157381.0,,0.08961272667886859,0.048852162212981325,,,,,,,0.06518608650696092
100030_2,0.09562362898533235,1.8254443835354477,0.17455561646455237,2.777591067952494,2.777591067952494,,,2.9103815408444387,9190222428.0,,-0.12107920992328101,-0.06838042148598515,,,,,,,0.17429243021650587
100030_3,0.17209219341921989,1.706350414437633,0.2936495855623671,1.197607003011741,1.197607003011741,,,3.0445790082550617,2899158509.0,,0.18672062286075966,0.11069479777323077,,,,,,,0.23356662733398648
100030_4,0.20286561024269428,1.6626961341063473,0.33730386589365274,1.0321128923356466,1.0321128923356466,,,0.35306503783873133,191487362.0,,0.06798963824622953,0.038228278405852155,,,,,,,0.5530283838212435
100030_5,0.02124716314529345,1.958389772991182,0.04161022700881785,13.34586540069033,13.34586540069033,,,4.504446747722007,1209373633.0,,-0.2037220723811803,-0.1040193895734966,,,,,,,-0.1882911482112968
100030_6,0.02114214701161645,1.958591177391925,0.04140882260807503,12.401260027753269,12.401260027753269,,,2.3104636022383835,132886890.0,,,,,,,,,,
