stock_code,debt_ratio,equity_ratio,debt_dependency_ratio,current_ratio,quick_ratio,interest_coverage_ratio,ebitda_to_total_debt,cfo_to_total_debt,free_cash_flow,operating_margin,roa,roe,net_profit_margin,total_asset_turnover,accounts_receivable_turnover,inventory_turnover,sales_growth_rate,operating_income_growth_rate,total_asset_growth_rate
100250_0,0.05512896177643243,1.8955028934404068,0.10449710655959325,2.2129538129243924,2.2129538129243924,,,0.4762373454,,,,,,,,,,,0.05983673860033454
100250_1,0.05612718180476902,1.8937113204323446,0.1062886795676554,2.6970246962778064,2.6970246962778064,,,0.46049762168,,,0.07850631720596245,0.041461591622376275,,,,,,,0.040206937723769334
100250_2,0.056400809773760156,1.8932208130627257,0.10677918693727434,2.2892944150382895,2.2892944150382895,,,0.22763006644,5683351661.0,,-0.004481842035580141,-0.002368169320128813,,,,,,,-0.06923590516857143
100250_3,0.05714077444138671,1.8918956191589886,0.10810438084101143,2.079641782710548,2.079641782710548,,,0.87206337496,21801584374.0,,0.09786437138565447,0.05171592714796114,,,,,,,0.07088546517120954
100250_4,0.05662113327674151,1.8928260442772882,0.10717395572271175,1.893986905273935,1.893986905273935,,,0.3409044126237453,8604505919.0,,0.05535646860767524,0.02926950792585842,,,,,,,0.016272781355069835
100250_5,0.058378260258315,1.8896835612551852,0.11031643874481474,1.7435987393620134,1.7435987393620134,,,0.1760515730695571,,,0.044692127124387686,0.023686819775999776,,,,,,,0.004060158170497004
100250_6,0.06163264853300837,1.883890819261872,0.11610918073812815,2.3990469926352787,2.3990469926352787,,,0.8953541214954739,,,,,,,,,,,
