stock_code,debt_ratio,equity_ratio,debt_dependency_ratio,current_ratio,quick_ratio,interest_coverage_ratio,ebitda_to_total_debt,cfo_to_total_debt,free_cash_flow,operating_margin,roa,roe,net_profit_margin,total_asset_turnover,accounts_receivable_turnover,inventory_turnover,sales_growth_rate,operating_income_growth_rate,total_asset_growth_rate
101160_0,0.2084297253153774,0.8275201933972774,0.17247980660272252,5.147109989494053,3.989407009530638,,,1.1148250111288667,28690386729.0,,0.21552987625929015,0.26359370207288324,,,,,,,0.2568929799082066
101160_1,0.24182644377195137,0.8052655063155022,0.19473449368449774,4.377542635992065,3.3007151625949893,,,2.325894286155914,68689738988.0,,0.20469196565921727,0.26066573015510763,,,,,,,0.22125854685577906
101160_2,0.31433386439019284,0.760841691059955,0.23915830894004492,3.1651008551140247,1.7640272695933248,,,0.5308402866897024,-10790481754.0,,0.19526661159211117,0.2591654956105449,,,,,,,0.25954906584172655
101160_3,0.3438591878194617,0.7441255818048871,0.25587441819511286,2.342568308010638,1.5919763993825446,,,0.7163015285595937,-500312497.0,,0.18782621135858216,0.2564960081930499,,,,,,,0.229914869986206
101160_4,0.39333016160176515,0.7177049830389125,0.28229501696108755,2.2257178592750697,1.7560979829401666,,,0.6703222672524926,16202100858.0,,0.23132455738793842,0.33272345872766873,,,,,,,0.2937815552100445
101160_5,0.5010770586037889,0.6661883174273142,0.33381168257268584,1.8583995200602865,1.497758670360144,,,0.8421727570591214,18290665077.0,,0.12410705193528554,0.19252768051806546,,,,,,,0.11315035215674653
101160_6,0.6113187614978156,0.6206096669975103,0.37939033300248975,1.4300004586769333,1.0041622130069514,,,0.36043319502920723,7408864302.0,,,,,,,,,,
