stock_code,debt_ratio,equity_ratio,debt_dependency_ratio,current_ratio,quick_ratio,interest_coverage_ratio,ebitda_to_total_debt,cfo_to_total_debt,free_cash_flow,operating_margin,roa,roe,net_profit_margin,total_asset_turnover,accounts_receivable_turnover,inventory_turnover,sales_growth_rate,operating_income_growth_rate,total_asset_growth_rate
101390_0,0.684250939356181,1.1874715063329677,0.8125284936670323,0.3292121113950717,0.3292121113950717,,,331.13221248,8886315586.0,,-0.3414397570872561,-0.2793461648504009,,,,,,,0.028463671338929856
101390_1,0.5897201118954702,1.2580830959075815,0.7419169040924186,0.5533620217225302,0.5533620217225302,,,99.73763723748239,12411473600.0,,-0.3844019421214216,-0.27498237179082435,,,,,,,-0.03635401172762063
101390_2,0.3049181603401912,1.5326631667679462,0.4673368332320538,1.1297236225040457,1.1297236225040457,,,133.82501443352152,14320745589.0,,-0.15152237522200798,-0.09988340387568122,,,,,,,-0.15769408089904288
101390_3,0.3299702668246733,1.5037930169484421,0.4962069830515579,1.24584085733729,1.24584085733729,,,161.67831866719968,5894736416.0,,-0.02870341344507569,-0.020710543453908242,,,,,,,0.1556166134156544
101390_4,0.6003447282348129,1.2497307390802035,0.7502692609197965,0.961010721959881,0.961010721959881,,,-76.94318490031279,-16864594792.0,,-0.20902398386753393,-0.16127372205794133,,,,,,,-0.33285842611312355
101390_5,0.5071533096797523,1.327005014788423,0.6729949852115772,0.9477108783937501,0.9477108783937501,,,-22.198773200241988,-40763065365.0,,-0.20197462828067633,-0.14434686154525275,,,,,,,0.0020837214416149713
101390_6,0.3590577332517697,1.4716078287672667,0.5283921712327332,0.7641184773624567,0.7641184773624567,,,-7.05436419505279,-14623231397.0,,,,,,,,,,
