stock_code,debt_ratio,equity_ratio,debt_dependency_ratio,current_ratio,quick_ratio,interest_coverage_ratio,ebitda_to_total_debt,cfo_to_total_debt,free_cash_flow,operating_margin,roa,roe,net_profit_margin,total_asset_turnover,accounts_receivable_turnover,inventory_turnover,sales_growth_rate,operating_income_growth_rate,total_asset_growth_rate
103230_0,0.1773123208278683,1.6987845660135708,0.3012154339864293,1.646018606398314,1.646018606398314,,,0.5164513543904652,-5026292854.0,,0.06899955732916287,0.04083065546677829,,,,,,,0.06782365200983706
103230_1,0.19018971229942463,1.680404375312602,0.31959562468739816,3.0606150029463794,3.0606150029463794,,,0.5133898516968676,2682415359.0,,0.053831128623409205,0.03198756964656294,,,,,,,0.07630533928574491
103230_2,0.18656531336301185,1.6855372203081838,0.31446277969181624,2.863168385712593,2.863168385712593,,,0.417680782112288,-1221402374.0,,0.040336743323176306,0.02365960614683191,,,,,,,0.16494209565828624
103230_3,0.15780338639488306,1.7274090087329175,0.2725909912670825,3.1548454379354656,3.1548454379354656,,,-2.760568499704535,-1951262330.0,,-0.02404636932250424,-0.01383433522085485,,,,,,,0.0030495333876137303
103230_4,0.14353964929950125,1.7489555357570166,0.2510444642429835,2.657542577316549,2.657542577316549,,,-1.3572621163506544,-3517186733.0,,0.011479997080872252,0.006657333628205994,,,,,,,-0.044584394871790695
103230_5,0.1758024705192107,1.7009659786790892,0.29903402132091095,2.901265400547939,2.901265400547939,,,-8.97078634447172,-3318431378.0,,-0.04856563770179375,-0.028307669868807357,,,,,,,-0.03965682687066432
103230_6,0.15625457638646215,1.729722883562908,0.27027711643709196,3.447184493880923,3.447184493880923,,,-19.47043282076974,-5149458741.0,,,,,,,,,,
