stock_code,debt_ratio,current_ratio,quick_ratio,cfo_to_total_debt,operating_margin,roe,net_profit_margin,total_asset_turnover,accounts_receivable_turnover,inventory_turnover,sales_growth_rate,operating_income_growth_rate,total_asset_growth_rate
108860,0.08559990671398975,4.5521811878541545,3.9821538433526844,0.10630062753638951,0.007113642553254934,-0.01458314756971988,-0.060713770282559656,0.4454281053227042,6.3260710255328405,7.155273872722329,1.1213182732465492,-0.8042526099242201,0.6190398307154347
