stock_code,debt_ratio,equity_ratio,debt_dependency_ratio,current_ratio,quick_ratio,interest_coverage_ratio,ebitda_to_total_debt,cfo_to_total_debt,free_cash_flow,operating_margin,roa,roe,net_profit_margin,total_asset_turnover,accounts_receivable_turnover,inventory_turnover,sales_growth_rate,operating_income_growth_rate,total_asset_growth_rate
121890_0,0.24473418456878132,1.6067687581769667,0.3932312418230333,1.87722054185208,1.87722054185208,,,490.69099398129515,4324774975.0,,,,,,,,,,0.2110836122887911
121890_1,0.09734908141972327,1.8225740868279119,0.1774259131720882,3.860577910757585,3.860577910757585,,,3.2750352509006375,7785552.0,,0.18871421172057642,0.10689027078088875,,,,,,,0.09540353866594091
121890_2,0.17441892042696824,1.7029698391378827,0.29703016086211725,2.1520475655273072,2.1520475655273072,,,80.52748821061104,1369017842.0,,-0.04371851368485118,-0.026833572358877227,,,,,,,-0.06266040553999985
121890_3,0.2819334383638549,1.560143405380408,0.439856594619592,1.6580932854292108,1.6580932854292108,,,33.8120716129034,393170867.0,,0.18298761780720127,0.12112669258661597,,,,,,,0.17633358732778592
121890_4,0.3768742918109871,1.4525654316411287,0.5474345683588712,1.2403203905011435,1.2403203905011435,,,266.8999528648925,8864067496.0,,-0.15543659693271678,-0.11782269902105733,,,,,,,-0.5126215719459797
121890_5,0.5945627624443713,1.2542623263910397,0.7457376736089604,1.0680002569473164,1.0680002569473164,,,-0.9826446162315117,-8017372534.0,,-0.45378928726455514,-0.3271355529964998,,,,,,,-0.2858153579869996
121890_6,0.34946107609809274,1.4820731293583598,0.5179268706416402,1.4738080422580035,1.4738080422580035,,,4.073222093470925,3692405972.0,,,,,,,,,,
