stock_code,debt_ratio,equity_ratio,debt_dependency_ratio,current_ratio,quick_ratio,interest_coverage_ratio,ebitda_to_total_debt,cfo_to_total_debt,free_cash_flow,operating_margin,roa,roe,net_profit_margin,total_asset_turnover,accounts_receivable_turnover,inventory_turnover,sales_growth_rate,operating_income_growth_rate,total_asset_growth_rate
122640_0,0.20296507720068,1.6625586543659552,0.33744134563404476,1.5860886391876685,1.5860886391876685,,,1.3455561366608961,,,,,,,,,,,-0.055111004282769514
122640_1,0.44207556683509625,1.3868898731772934,0.6131101268227067,0.8377530006373942,0.8377530006373942,,,5.597120178742746,,,-0.17703365554858014,-0.12287067505220892,,,,,,,0.16674603669027896
122640_2,0.33002829161904657,1.503727411366111,0.49627258863388896,0.7941756809493671,0.7941756809493671,,,-48.94073377018263,,,-0.0048743674321647164,-0.0033177142106072615,,,,,,,-0.11081331793814944
122640_3,0.3903484910990487,1.438488273122828,0.5615117268771721,0.9569707581308834,0.9569707581308834,,,-14.655650711680154,,,-0.13935077097211956,-0.09773944382350552,,,,,,,0.19809355404143456
122640_4,0.4179766649654534,1.4104604465044046,0.5895395534955953,0.5959098946691113,0.5959098946691113,,,36.33463927715397,,,0.01017483094784548,0.007409096138323706,,,,,,,-0.052404795667052674
122640_5,0.4946949109825672,1.3380657051178828,0.6619342948821171,1.2412207499510246,1.2412207499510246,,,-27.257804847497216,,,-0.2163579144744194,-0.15762428273868734,,,,,,,0.202039295315564
122640_6,0.4142760964215338,1.4141510310896803,0.5858489689103198,1.0679738651840878,1.0679738651840878,,,26.02239357399315,,,,,,,,,,,
