stock_code,debt_ratio,current_ratio,quick_ratio,cfo_to_total_debt,operating_margin,roe,net_profit_margin,total_asset_turnover,accounts_receivable_turnover,inventory_turnover,sales_growth_rate,operating_income_growth_rate,total_asset_growth_rate
122870_0,0.05546179000240574,3.040052879205166,2.970803855280262,-0.14882799368182933,,0.0013167046001292828,,,,,,,-0.06706765957577795
122870_1,0.0863926929638772,2.0702926711146974,1.9540292629117126,0.758453797149862,,0.05542184714617566,,,,,,,0.08606820233787119
122870_2,0.10153368270082098,2.084963863272448,1.9831632982226608,0.5709452013970585,,0.033764853713344124,,,,,,,0.16078629455719204
122870_3,0.06554058751900751,2.4695887851221867,2.36776454080539,0.5584006544199522,,0.030697181176541813,,,,,,,0.08083857474892879
122870_4,0.06206014925360721,2.8516613712044454,2.7332979238883404,0.6016732509881711,,0.021549150046517987,,,,,,,0.08140735993912798
122870_5,0.056386175088059945,1.6653358728747516,1.5853687903810982,1.3081579217687396,,-0.017852338102680415,,,,,,,-0.18542971911784553
122870_6,0.13469873476112612,3.5467243143899587,3.3149089021275997,0.2818516028426986,,,,,,,,,
