stock_code,debt_ratio,equity_ratio,debt_dependency_ratio,current_ratio,quick_ratio,interest_coverage_ratio,ebitda_to_total_debt,cfo_to_total_debt,free_cash_flow,operating_margin,roa,roe,net_profit_margin,total_asset_turnover,accounts_receivable_turnover,inventory_turnover,sales_growth_rate,operating_income_growth_rate,total_asset_growth_rate
126340_0,0.3748769688184268,1.454675614879785,0.545324385120215,0.712176835495718,0.712176835495718,,,-0.17098408957358122,,,,,,,,,,,0.22877274556872906
126340_1,0.3644814755271067,1.4657582648583698,0.5342417351416303,0.983240796464148,0.983240796464148,,,0.1035930123552939,,,-0.02024434417682395,-0.013898483725104441,,,,,,,-0.051809322481894446
126340_2,0.3813204271972193,1.4478899758675965,0.5521100241324035,1.06529304273989,1.06529304273989,,,0.14389810444451992,,,0.05262002606818219,0.03548988455735089,,,,,,,0.2854006820910817
126340_3,0.30942184746964024,1.5273916529381653,0.47260834706183463,1.3658228327890658,1.3658228327890658,,,-0.1903925929634312,,,0.06366390171859664,0.04141733437479349,,,,,,,0.14716145925838905
126340_4,0.29173488834044636,1.5483053202731836,0.4516946797268163,2.032949613093325,2.032949613093325,,,-0.1570139627252331,,,0.04756100575325876,0.03118096372823879,,,,,,,0.7833001592662335
126340_5,0.3474043069094412,1.4843354661582062,0.5156645338417939,1.6102076144281603,1.6102076144281603,,,,,,0.170142257098597,0.11875205656858653,,,,,,,0.2313833038999094
126340_6,0.46067158641705386,1.369233179174717,0.630766820825283,0.845242412504586,0.845242412504586,,,,,,,,,,,,,,
