stock_code,debt_ratio,current_ratio,quick_ratio,cfo_to_total_debt,operating_margin,roe,net_profit_margin,total_asset_turnover,accounts_receivable_turnover,inventory_turnover,sales_growth_rate,operating_income_growth_rate,total_asset_growth_rate
126640_0,0.22740390697862073,1.274709657282112,1.1434224412814402,0.006543776784977201,,0.008907657914503046,,,,,,,-0.13946070358863266
126640_1,0.2508142731896299,1.3579272205417756,1.213655114011536,0.23603740304559467,,0.031233943620051018,,,,,,,0.22218781333944634
126640_2,0.22709470548198682,1.3348449967447074,1.0987229269495842,0.2834090200512043,,0.027501923906072985,,,,,,,0.04891014698631575
126640_3,0.22283750769685814,1.4039068547098716,1.1506623060949315,0.06071790462135173,,0.018783335029141517,,,,,,,0.0489920083328537
126640_4,0.2621917138796758,1.3346445161784821,1.0672801388765505,0.26039176154726695,,0.021558137128938403,,,,,,,0.09302527585444063
126640_5,0.24934546194545926,1.9747659197449832,1.6432355180099851,0.20427778985808678,,0.017463530440526162,,,,,,,0.28932338992178475
126640_6,0.1513379552564985,1.7939615807360407,1.4892114542690555,0.32071359836115887,,,,,,,,,
