stock_code,debt_ratio,equity_ratio,debt_dependency_ratio,current_ratio,quick_ratio,interest_coverage_ratio,ebitda_to_total_debt,cfo_to_total_debt,free_cash_flow,operating_margin,roa,roe,net_profit_margin,total_asset_turnover,accounts_receivable_turnover,inventory_turnover,sales_growth_rate,operating_income_growth_rate,total_asset_growth_rate
126730_0,0.07872217339242893,1.8540455080387217,0.14595449196127824,8.79202079875979,8.79202079875979,,,30.018780427856342,5341356756.0,,0.07319212044896246,0.041078962348029664,,,,,,,0.7958439472272956
126730_1,0.21072944445853106,1.6518967215623064,0.3481032784376936,1.5926016792906759,1.5926016792906759,,,2.2551629452442414,15211924916.0,,0.14414106717405403,0.08900603183522111,,,,,,,0.16759448677894878
126730_2,0.2645650637743949,1.5815714487877157,0.41842855121228417,1.9070512116058242,1.9070512116058242,,,0.7027377676527744,2683358854.0,,0.17403109672385875,0.11876169592151269,,,,,,,-0.09416795392217707
126730_3,0.4704461748279099,1.3601313902115901,0.6398686097884099,1.128571567491873,1.128571567491873,,,0.5012681659675287,1244953659.0,,0.22448317858407385,0.23561087241397716,,,,,,,0.6186842919161786
126730_4,0.5572081700209651,1.2843497988923815,0.7156502011076185,1.1190226756960129,1.1190226756960129,,,,,,,,,,,,,,
126730_5,2.4085158221890586,0.29338282471511834,0.7066171752848817,1.141516104093403,1.141516104093403,,,72.7745781811391,2811480017.0,,,,,,,,,,0.10400951509247859
126730_6,3.1372669632687176,0.241705456495351,0.758294543504649,0.90652097749004,0.90652097749004,,,37.849127665755816,1003774776.0,,,,,,,,,,
