stock_code,debt_ratio,equity_ratio,debt_dependency_ratio,current_ratio,quick_ratio,interest_coverage_ratio,ebitda_to_total_debt,cfo_to_total_debt,free_cash_flow,operating_margin,roa,roe,net_profit_margin,total_asset_turnover,accounts_receivable_turnover,inventory_turnover,sales_growth_rate,operating_income_growth_rate,total_asset_growth_rate
138070_0,0.0955356586644345,1.8255909647324453,0.17440903526755458,2.6864382205301607,2.6864382205301607,,,52.52198486015654,6176805585.0,,0.008125996946917138,0.004480751210411189,,,,,,,-0.02315517507531616
138070_1,0.11002746352893017,1.8017572228724184,0.19824277712758154,2.947506040085515,2.947506040085515,,,20.728497450918123,5809726111.0,,0.04622438700279768,0.025843351549574713,,,,,,,-0.013030594380381793
138070_2,0.12632356205160128,1.7756886807526204,0.22431131924737968,2.9524402356420736,2.9524402356420736,,,13.87523919931597,3097698890.0,,0.04473235608587155,0.02540934868621789,,,,,,,0.013049560981953506
138070_3,0.1460992589002591,1.7450495534907704,0.2549504465092296,3.5028075190296915,3.5028075190296915,,,7.3535622878343005,1111712896.0,,0.04051606925415123,0.023556038523125655,,,,,,,-0.023958757524445765
138070_4,0.17957633633912773,1.695524010092553,0.3044759899074469,3.1243811202019467,3.1243811202019467,,,31.107858037039676,5250493744.0,,-0.005367527472105606,-0.0031639595422436697,,,,,,,-0.031175899598340825
138070_5,0.17829713204151407,1.697364735611981,0.302635264388019,3.47166404487659,3.47166404487659,,,2.5660226802823174,-1026702283.0,,0.024978119992051,0.014508427116867905,,,,,,,0.09850000960174041
138070_6,0.14398019754439195,1.7482820107315629,0.2517179892684372,4.243487646364529,4.243487646364529,,,35.361804762708374,-15018251772.0,,,,,,,,,,
