stock_code,debt_ratio,current_ratio,quick_ratio,cfo_to_total_debt,operating_margin,roe,net_profit_margin,total_asset_turnover,accounts_receivable_turnover,inventory_turnover,sales_growth_rate,operating_income_growth_rate,total_asset_growth_rate
158430,0.21415551265395177,1.4909684315821194,1.4177716093903416,,0.22066842050604005,0.048304753161259824,0.16872195849452995,0.46081564181909446,4.4978755609812255,20.492357436847225,0.18885287558060537,0.26498682276317004,-0.04176084100559838
