stock_code,debt_ratio,equity_ratio,debt_dependency_ratio,current_ratio,quick_ratio,interest_coverage_ratio,ebitda_to_total_debt,cfo_to_total_debt,free_cash_flow,operating_margin,roa,roe,net_profit_margin,total_asset_turnover,accounts_receivable_turnover,inventory_turnover,sales_growth_rate,operating_income_growth_rate,total_asset_growth_rate
207940,0.5898038832987375,0.629008401920032,0.09771986735539306,1.4320913500144852,0.7006773980006317,5.066080003541061,,0.2579840426664501,281729868722.0,0.29029224869480347,0.06490323343167058,0.1044906760536249,0.23823161059562992,0.2724375378624131,2.420434826812606,0.826602425747326,0.23080604178573394,0.18530670265942226,0.08039905801329988
