stock_code,debt_ratio,equity_ratio,debt_dependency_ratio,current_ratio,quick_ratio,interest_coverage_ratio,ebitda_to_total_debt,cfo_to_total_debt,free_cash_flow,operating_margin,roa,roe,net_profit_margin,total_asset_turnover,accounts_receivable_turnover,inventory_turnover,sales_growth_rate,operating_income_growth_rate,total_asset_growth_rate
214150_0,0.14386714090642036,1.74845480604956,0.25154519395043995,1.8537831293608478,1.8537831293608478,,,0.9676752778502886,76095767916.0,,,,,,,,,,0.6174671801661678
214150_1,0.13960434690954862,1.75499506071886,0.24500493928114006,6.331245106451303,6.331245106451303,,,3.7441324511959873,50073803893.0,,0.21038484658152415,0.12191510306399571,,,,,,,0.13312675253525671
214150_2,0.1817298580146793,1.6924341772662193,0.30756582273378064,4.061210694821108,4.061210694821108,,,3.286154580462524,-23400008121.0,,0.2753443675770699,0.16029206080593314,,,,,,,0.5320143041778437
214150_3,0.138578340385055,1.7565765385310435,0.24342346146895663,4.318809672472104,4.318809672472104,,,3.2530545465859344,-64520269777.0,,0.24785906203075753,0.1367615591442044,,,,,,,0.5741569424506744
214150_4,0.0525584145872111,1.9001320708498193,0.09986792915018076,6.149624802401082,6.149624802401082,,,4.869480956630873,35110867468.0,,0.3033444318518383,0.164609038908239,,,,,,,0.20893137350972243
214150_5,0.12769556026136622,1.7735283089493228,0.22647169105067716,2.2430408097375887,2.2430408097375887,,,2.1825661436842854,29781244202.0,,0.35217739268697895,0.20310033117924278,,,,,,,0.5008693098467194
214150_6,0.19425041994140332,1.6746906399230166,0.3253093600769834,1.7663382213675278,1.7663382213675278,,,1.2800464360337223,39332893.0,,,,,,,,,,
