stock_code,debt_ratio,current_ratio,quick_ratio,cfo_to_total_debt,operating_margin,roe,net_profit_margin,total_asset_turnover,accounts_receivable_turnover,inventory_turnover,sales_growth_rate,operating_income_growth_rate,total_asset_growth_rate
216050_0,0.4014984156384625,1.664857911271363,1.664857911271363,0.25939918819909674,,0.02495859434814372,,,,,,,0.3291422669346775
216050_1,0.2950141390573497,2.055543968964991,2.055543968964991,0.25252079390471655,,0.038902187029209064,,,,,,,-0.10902677227316329
216050_2,0.381361194209947,1.7029616489927004,1.7026295918105467,0.08678281243334096,,0.04699706104039576,,,,,,,0.02799416649362943
216050_3,0.4253194268635369,1.5741378740615775,1.5741378740615775,0.0717264774086997,,0.0733220038202388,,,,,,,0.28693321405031685
216050_4,0.41281373225985896,1.6302949874377572,1.6302949874377572,0.23557140563505882,,0.05255373973286554,,,,,,,0.20476943284910776
216050_5,0.36007106602846733,1.6646532689576705,1.6646532689576705,0.02630707595195392,,0.04388941992936785,,,,,,,0.1501303839370757
216050_6,0.2932571577312723,1.8605554402166733,1.8605554402166733,-0.02114762091390647,,,,,,,,,
