stock_code,debt_ratio,equity_ratio,debt_dependency_ratio,current_ratio,quick_ratio,interest_coverage_ratio,ebitda_to_total_debt,cfo_to_total_debt,free_cash_flow,operating_margin,roa,roe,net_profit_margin,total_asset_turnover,accounts_receivable_turnover,inventory_turnover,sales_growth_rate,operating_income_growth_rate,total_asset_growth_rate
217480_0,1.0905127003681439,0.23917577726839398,0.26082422273160605,1.4102511753020965,1.2921273594380123,,,-15.802286725723018,-6895038352.0,,-0.10002545085956599,-0.3729919691931487,,,,,,,-0.16155638326228824
217480_1,0.7095128741963358,0.292480979551006,0.20751902044899398,1.8251833565031415,1.6907503427260433,,,-64.64595198859865,-5552611907.0,,-0.08786613658267152,-0.5374341435946514,,,,,,,-0.02867107672878091
217480_2,12.088627275260771,0.03820110310155029,0.4617988968984497,0.44748843586617126,0.29055405827629505,,,-0.9086314800036617,-44200245529.0,,-0.37799565327783835,-2.8437960617369504,,,,,,,-0.3952511536520243
217480_3,1.628809379662081,0.19020017345809692,0.3097998265419031,0.972404333870939,0.7892878764642115,,,-0.6316438602717819,-30549072789.0,,-0.1985642709923191,-0.770512873283095,,,,,,,-0.17126510557515123
217480_4,0.594149712455222,0.31364682758053347,0.18635317241946653,1.5120888838396978,1.0557315161362626,,,-0.07045987848038078,-5071846453.0,,-0.031838239517325694,-0.09325775685223867,,,,,,,0.08039049326944253
217480_5,0.3463111061236066,0.371385185582874,0.12861481441712602,2.317655094208808,1.4662700928566996,,,1.0383678314433282,10142845482.0,,-0.05587333365209061,-0.14358467971824537,,,,,,,-0.10078205913358222
217480_6,0.2342952556725336,0.405089461133482,0.09491053886651801,3.954405576705296,2.220726174386708,,,-1.399402672077772,-32301729841.0,,0.0007339346505257147,0.0017214797482215472,,,,,,,0.10569786785287494
217480_7,0.11151762684772117,0.44983542134010657,0.05016457865989343,5.9482949239623695,4.843865746190936,,,20.2679719140105,-14913789593.0,,,,,,,,,,
