stock_code,debt_ratio,current_ratio,quick_ratio,cfo_to_total_debt,operating_margin,roe,net_profit_margin,total_asset_turnover,accounts_receivable_turnover,inventory_turnover,sales_growth_rate,operating_income_growth_rate,total_asset_growth_rate
267980,0.7840944981574024,2.8359272610217636,1.9386882883173642,0.37298360955440324,0.0388289891026571,0.08165809933405002,0.025139022623936507,1.8122641914075217,9.008110737374071,9.252406017587859,0.015960086204073798,-0.02620692958342927,0.054978013855512056
