stock_code,debt_ratio,equity_ratio,debt_dependency_ratio,current_ratio,quick_ratio,interest_coverage_ratio,ebitda_to_total_debt,cfo_to_total_debt,free_cash_flow,operating_margin,roa,roe,net_profit_margin,total_asset_turnover,accounts_receivable_turnover,inventory_turnover,sales_growth_rate,operating_income_growth_rate,total_asset_growth_rate
373220,0.9474821906985226,0.5134835146509453,0.006768325643458628,1.271463639499285,0.8938290932118848,0.4564466011253559,,0.37955977740883445,-1383990000000.0,0.0224588727725293,0.006404187625512517,0.0122371406517652,0.013216529463689595,0.48455894893640944,4.836132307548264,4.465633720054226,-0.2407992835779143,-0.7340153677318312,0.32725751865037994
