stock_code,debt_ratio,equity_ratio,debt_dependency_ratio,current_ratio,quick_ratio,interest_coverage_ratio,ebitda_to_total_debt,cfo_to_total_debt,free_cash_flow,operating_margin,roa,roe,net_profit_margin,total_asset_turnover,accounts_receivable_turnover,inventory_turnover,sales_growth_rate,operating_income_growth_rate,total_asset_growth_rate
456010_0,0.031335933297974974,1.9392323446003286,0.06076765539967151,29.23172550389082,29.23172550389082,,,-20.028870144085126,-5957578428.0,,-0.20688777610176934,-0.10705073444356004,,,,,,,3.3948683361504695
456010_1,0.05068026758418368,1.9035286582459339,0.09647134175406606,10.086526109883394,10.086526109883394,,,-2.1474247757991893,-1288030144.0,,-0.8917497470811202,12.32056892563527,,,,,,,0.05809508432157175
456010_2,-1.9246087601925463,-2.1630770614627397,4.16307706146274,0.19567207456919256,0.19567207456919256,,,-45.459539280212674,-4613310123.0,,-1.2578569314437809,0.616160935043977,,,,,,,0.3506100329667206
456010_3,-2.065438756748324,-1.877160922983428,3.8771609229834283,0.192174012116883,0.192174012116883,,,-26.040081950319824,-3271659359.0,,-0.7823054101676216,0.3836932165549965,,,,,,,0.18604654344478988
456010_4,-1.8965827792932117,-2.2306919630740922,4.230691963074093,0.1626003857368617,0.1626003857368617,,,-46.2974357872749,,,-0.5289650344478759,1.2576879259247729,,,,,,,-0.551935976649004
456010_5,-9.692524443839922,-0.23008275822765478,2.230082758227655,0.3883341157973578,0.3883341157973578,,,,,,,,,,,,,,
456010_6,1.5610923202900764,0.3904583962388116,0.6095416037611884,1.16326626535216,1.16326626535216,,,,,,,,,,,,,,
