{
  "mae": 0.5714285714285714,
  "qwk": 0.36363636363636365,
  "macro_f1": 0.38888888888888884,
  "weighted_f1": 0.3333333333333333,
  "balanced_accuracy": 0.5,
  "class_weights": {
    "1": 0.47619047619047616,
    "2": 3.3333333333333335,
    "3": 1.6666666666666667
  }
}