{
  "mae": 2.515151515151515,
  "qwk": 0.6975032134927746,
  "macro_f1": 0.10137721755368813,
  "weighted_f1": 0.14493746993746995,
  "balanced_accuracy": 0.14038825757575757,
  "class_weights": {
    "0": 0.4475,
    "1": 0.5888157894736842,
    "2": 0.5327380952380952,
    "3": 0.4661458333333333,
    "4": 0.5085227272727273,
    "5": 1.8645833333333333,
    "6": 1.8645833333333333,
    "7": 1.5982142857142858,
    "8": 1.3984375,
    "9": 3.7291666666666665,
    "11": 1.3984375,
    "12": 2.796875,
    "13": 1.5982142857142858,
    "14": 0.7991071428571429,
    "15": 3.7291666666666665,
    "17": 5.59375
  }
}